,title,date,media,content
0,‘비전 2030’ 위해 갈등국과도 관계 개선… ‘국가 대개조’ 올인 [뉴스 인사이드-탈석유 시대 준비하는 사우디],2023.10.07,세계일보,국가재정 65%·GDP 40% 석유 의존제조업 육성 등 산업 구조 다각화 구상677조원 규모 ‘네옴시티’ 조성 총력전관광 허브 위해 지정학적 리스크 해소2030 월드컵 3개 대륙 공동개최 영향2034 월드컵 유치 노력에 파란불 켜져스포츠·엔터 육성 등 소프트 파워 강화   이슬람 수니파 종주국 종교적 보수주의 친미주의적 외교 노선….       1930년대 건국해 석유를 개발하고 미국에 수출하기 시작한 이래로 100년 가까이 사우디아라비아를 이해하는 데 필요했던 열쇳말들이다.       최근 들어 사우디의 대내외 행보는 이런 전통적 문법으로 해석하기가 다소 난감하다. 올해 3월 시아파 종주국이며 미국의 앙숙이자 러시아의 우방인 이란과 그것도 중국의 중재로 외교 관계를 복원했다. 미 언론은 조 바이든 행정부가 “뺨을 맞은 격”이라고 평가했다.       두 달 뒤 사우디는 또다른 시아파 국가인 시리아와 관계를 정상화했다. 사우디는 지난해에 제다를 찾은 바이든 대통령이 요청한 석유 증산 요청도 묵살했다. 앞서 2018년에는 여성의 운전을 최초로 허용했고 이듬해에는 남성 보호자 없는 여성의 단독 해외여행 금지 규제도 풀었다.      무함마드 빈살만 사우디아라비아 왕세자가 2021년 1월 직접 네옴시티 구상을 소개하며 이곳을 자동차와 탄소 배출이 없는 도시로 건설하겠다고 약속하고 있다. 네옴시티 홈페이지 캡처    이 같은 변화의 배경에는 사우디 실권자인 무함마드 빈살만(38) 왕세자 겸 총리가 2016년 야심차게 발표한 탈석유 시대 국가 개조 청사진인 ‘비전 2030’이 있다는 분석이다.     ◆탈석유 시대 대비 비전 2030     “석기시대가 돌이 부족해서 끝난 것이 아니듯 석유가 고갈되지 않아도 석유시대는 끝날 것이다.”     사우디 석유장관을 25년간 지낸 아메드 자키 야마니가 1973년 남긴 것으로 알려진 이 말에는 석유에 의존하는 경제가 언제까지고 지속할 수는 없을 것이라는 고민이 담겼다.     훗날 무함마드 왕세자가 이러한 고민의 해법을 담아 비전 2030을 발표했을 당시 사우디는 국가 재정의 65% 국내총생산(GDP)의 40%가량을 석유에 의존하는 상태였다. 3700만 사우디 인구의 70%를 차지하는 35세 미만 젊은이들의 민간 부문 일자리 창출을 위해서라도 변화를 꾀해야 한다는 절실함이 컸다.    비전 2030은 교육·보건·관광·스포츠 등 다양한 분야에 투자하고 부실한 제조업도 육성해 석유 판매 외에는 성장 동력이 없는 산업 구조를 다각화하겠다는 구상이다. 사우디가 여성을 옭아매던 낡은 관습 타파에 나선 것은 비전 2030 추진 과정에서 여성 노동력을 적극 활용하겠다는 의지로 풀이된다. 최근 여성에게도 철도 기관사와 우주 비행사 문호를 개방한 것은 이를 상징적으로 보여 준다. 사우디는 23%에 그치던 여성의 노동 참여율을 30%까지 늘린다는 계획이었는데 지난해 이미 37%를 기록해 목표를 초과 달성했다고 미 하버드대 벨퍼 국제문제연구소가 분석했다.     비석유 부문 정부 수입도 지난해 4분기 6.2% 성장한 데 이어 올해 1분기에는 5.8% 성장했다. 모두 무함마드 왕세자가 의도했던 방향이다.     비전 2030의 ‘꽃’은 한국 정부·기업의 수주 총력전으로 국내에도 잘 알려진 ‘네옴시티’다. 100% 신재생 에너지로 운영되고 주민 900만명이 걸어서 5분이면 필요한 모든 서비스를 충족할 수 있어 자동차가 필요 없는 170㎞ 길이의 최첨단 도시 ‘더 라인’을 중심으로 바다 위에 떠 있는 팔각형 첨단산업단지 ‘옥사곤’ 산악 휴양단지 ‘트로제나’까지 모두 짓는 데 최소 5000억달러(약 677조원)의 천문학적인 비용이 들 것으로 예상된다.    더 라인 길이 170㎞ 폭 200m의 900만명 거주 친환경 직선 도시    ◆외교 노선에도 변화     무함마드 왕세자는 2015년 국방장관으로 취임 후 예멘 내전에 본격 개입했다. 사우디가 예멘 정부를 이란이 후티 반군을 지원하면서 내전은 사우디와 이란의 대리전 양상을 띠었다.     예멘 내전이 격화하는 가운데 2019년 사우디 국영 석유기업 아람코의 정유 시설 두 곳이 후티 반군의 무인기 공격을 받은 사건은 사우디에 작지 않은 충격을 줬다. 이는 사우디 내에서 미국의 안보 공약에 대한 의구심이 커지는 계기가 됐다. 이후 사우디는 외부 위협 제거를 위해 분쟁에서 발을 빼고 안보 파트너를 다각화하는 방안을 모색하기 시작했다.     그러는 사이 미국에서는 사우디 반체제 언론인 자말 카슈끄지 살해 사건의 배후 무함마드 왕세자를 지구촌 ‘왕따’로 만들겠다고 공언한 바이든 대통령이 당선됐다. 양국 관계는 급격히 냉랭해졌다. 바이든 대통령은 중간선거를 앞둔 지난해 10월 우크라이나 전쟁 이후 치솟은 유가와 물가를 잡기 위해 체면을 구겨 가며 사우디를 방문 증산을 설득했으나 빈손으로 귀국해야 했다. 사우디는 이후로도 수차례 감산을 연장했다.    옥사곤 팔각형 수상 첨단산업단지    사우디의 이런 태도가 바로 반미 노선으로의 전환을 의미하지는 않는다. 비전 2030 추진에 필요한 막대한 자금을 마련하려면 고유가 정책 유지가 필수적이라고 판단했다고 풀이하는 게 더 설득력 있다. 사우디가 이란과 관계 정상화 직후 미국 보잉사와 370억달러(50조원)어치 항공기 구매 계약을 체결한 점만 봐도 사우디는 오랜 우방인 미국 최대 석유 수입국인 중국 같은 산유국인 러시아 등 사이에서 ‘계란은 한 바구니에 담지 말라’는 식의 접근법을 취할 뿐이라는 평가가 나온다.     미 싱크탱크 애틀랜틱카운슬은 “오늘날 사우디의 외교 우선순위는 국내 정책(비전 2030)의 그림자일 뿐”이라며 “사우디 관료들은 석유가 세계의 지배적인 에너지원 지위를 상실한 이후에도 자국의 부와 역내 패권을 보장할 수 있는 활기차고 다양한 경제를 신속히 창출하는 데 최우선 목표를 두고 있다”고 짚었다.     특히 사우디가 외국인 투자를 지속적으로 유치하고 네옴시티를 중동과 유럽 관광의 허브이자 각종 국제 행사의 무대로 변화시키겠다는 꿈을 이루려면 지정학적 위기 해소가 필수적이다.     시아파 국가인 이란 시리아와 관계를 개선한 사우디는 이제 이스라엘과도 팔레스타인 문제 해결을 전제로 한 관계 정상화 논의를 구체화하는 중이다. 이 과정에서 사우디가 중재자인 미국에 내민 조건이 한국·미국 미국·일본 동맹식 상호방위조약이라는 점은 의미심장하다.    ◆스포츠·엔터·관광에도 적극 투자     사우디는 이 밖에 잉글랜드 프리미어리그(EPL) 구단 뉴캐슬 유나이티드 인수 LIV 골프 출범 및 미 프로골프(PGA) 투어와의 통합 미 종합격투기 대회 ‘프로페셔널 파이터스 리그’(PFL) 지분 인수 등 스포츠계의 굵직굵직한 이슈를 주도하고 있다. 영국 일간 가디언에 따르면 사우디가 2021년 초부터 지난 7월까지 스포츠에 쓴 돈은 최소 63억달러(8조5000억원)에 달한다. 몬테네그로 GDP에 맞먹는 액수다.     이를 두고는 ‘스포츠워싱’ 즉 스포츠를 통한 이미지 세탁 목적으로 보는 견해가 많았다. 그러나 미 외교전문지 포린폴리시는 “스포츠워싱 논란이 벌어질 때마다 카슈끄지 살해 사건 사우디·예멘 국경에서 벌어진 에티오피아 이주민 대량 학살 의혹 등 사우디의 인권 침해 관련 보도가 상세히 나온다”며 “사우디가 분명 스포츠워싱을 하고 있는지도 모르지만 그런 시각에만 갇히다 보면 사우디가 금융 첨단기술 지정학 예술 스포츠 등 다양한 분야에서 주요 행위자로 성장하고 있다는 사실을 부각하고자 하는 사우디 지도부의 더 큰 의중을 놓치게 된다”고 지적했다. 스포츠는 비전 2030과 관련된 사우디 국가 브랜드 제고 노력의 미끼 상품일 뿐이라는 뜻이다.     사우디의 스포츠 이벤트 산업 가치는 매년 8%씩 성장하고 있으며 2018년 21억달러(2조8000억원)에서 내년에는 33억달러(4조5000억원)로 성장이 예상된다고 가디언은 전했다. 사우디로 골프를 치러 와서 외화를 쓰고 가는 관광객도 늘고 있다고 한다.    트로제나 스키 리조트·인공호수 등 갖춘 산악 휴양단지    BTS의 리야드 공연 세계 최대 e스포츠 축제 ‘게이머스8’ 개최 등도 이와 비슷한 맥락에서 소프트 파워를 강화하려는 전략으로 풀이된다.     이런 투자는 7000억달러(949조원) 상당의 자산을 관리하는 공공투자기금(PIF) 즉 국부펀드가 주도하고 있다. 국부펀드는 손정의 소프트뱅크 회장이 이끄는 비전펀드를 통해 글로벌 기술기업에도 투자하고 있다. 미국 전기차 업체 루시드는 사우디 공장에서 차량 생산을 시작했고 최근에는 사우디가 테슬라 공장 유치에 뛰어들었다는 보도도 나왔다. 투자 수익 창출과 제조업 육성을 위해 적극적으로 나서는 것이다.     관광산업 육성에도 공을 들이고 있다. 이슬람 주요 성지 메카 메디나가 있는 사우디는 전 세계 17억 무슬림 인구라는 기본적 수요를 갖추고 있지만 투자를 보다 활성화해 2030년까지 여행·관광산업 규모를 전체 GDP의 10%까지 끌어올리겠다는 목표다. 글로벌 시장조사기업 유로모니터에 따르면 사우디의 외부 유입 관광객 지출액은 2021년 414억9700만리얄(15조원)에서 지난해 1588억8800만리얄(57조5000억원)로 급증했다.     사우디가 2029 동계아시안게임(네옴시티) 2034 하계아시안게임(리야드)을 유치한 것도 이 연장선상에서 해석된다. 2030 엑스포(리야드) 유치전에도 뛰어들어 부산과 경쟁 중이다. 최근 국제축구연맹(FIFA)이 2030 월드컵을 아프리카·유럽·남미 3개 대륙 공동 개최로 결정하면서 사우디의 2034 월드컵 유치에도 파란불이 켜졌다는 분석이다.
1,"주짓수 성기라·최희주, 63㎏급서 나란히 은·동메달 수확 [항저우AG]",2023.10.07,엑스포츠뉴스,(엑스포츠뉴스 최원영 기자) 한국 주짓수 대표팀에 메달 2개가 추가됐다. 성기라와 최희주(이상 대한주짓수회)가 입상에 성공했다.성기라는 7일 중국 저장성 항저우 샤오산 린푸 체육관에서 열린 2022 항저우 아시안게임 주짓수 여자 63㎏급 결승에서 샴마 알칼바니(아랍에미리트)에게 4-8로 패했다.한국 주짓수 간판인 성기라는 2018 자카르타-팔렘방 대회에서 여자 62㎏급 금메달을 차지했다. 당시 오른쪽 무릎 인대 파열 부상을 안고도 투혼을 발휘했다. 물오른 경기력으로 결승에서 티안 엔 콘스탄스 리엔(싱가포르)을 4-2로 제압 우승을 이뤘다.이번 대회에선 주짓수 체급 규정 변화에 따라 62㎏급이 아닌 63㎏급에서 금메달 사냥에 나섰다. 대회 2연패를 노렸다.준결승에서 마리안 우다바예바(카자흐스탄)를 9-2로 물리치며 결승에 올랐다. 금메달을 놓고 맞붙은 알칼바니는 올해 세계선수권대회와 아시아선수권대회에서 모두 정상에 오른 강자였다.성기라는 경기 종료 약 4분을 남기고 아래에서 위에 있는 상대와 위치를 뒤집는 스윕 기술에 성공해 2득점 했다. 그러나 경기 종료 3분을 남기고 2점짜리 기술을 허용해 동점이 됐다.어드밴티지에서 밀려 패배가 유력해진 성기라는 적극적으로 기술을 시도했다. 주짓수에선 정확한 동작으로 3초 동안 상대를 제압하거나 기술에 성공하면 점수를 얻는다. 동작이 3초 미만으로 이뤄지거나 포인트에 가까운 동작이면 심판 판단에 따라 어드밴티지를 받는다.성기라는 2득점에 성공 4-2로 앞서나갔다. 후반 체력이 급속도로 떨어졌다. 경기 종료 24초를 남기고 2점짜리 뒤집기 기술을 내줬다. 점수는 4-4. 어드밴티지에서 밀린 성기라는 마지막으로 기술을 시도했으나 추가 실점하며 그대로 무릎을 꿇었다.최희주는 동메달을 따냈다. 주짓수 여자 63㎏급 동메달 결정전에서 로이스 라오 안드레아(필리핀)에 4-0으로 승리했다.경기 초반 스윕 기술에 성공해 2-0으로 우위를 점했다. 이후 밑에서 가드 위주의 플레이를 펼쳤다. 상대에게 연속 어드밴티지를 내줬으나 득점을 허용하진 않았다. 막판 2득점을 올리며 4-0으로 승리를 확정했다.주짓수는 2018년 자카르타-팔렘방 대회에서 정식 종목으로 채택됐다. 당시 성기라가 여자 62kg급 금메달을 황명세가 남자 94kg급 동메달을 땄다.한국은 이번 대회엔 남·녀 각 6명 총 12명의 선수를 국가대표로 선발했다. 지난 5일 주짓수 첫째 날엔 남자 69kg급 주승현이 동메달을 목에 걸었다. 6일엔 남자 77kg급 구본철이 금메달을 여자 52kg급 박정혜가 동메달을 따냈다.주짓수는 세계적인 기업가인 테슬라 CEO 일론 머스크 메타(옛 페이스북) 창업주 마크 저커버그가 즐기는 운동으로도 잘 알려져 있다. 머스크와 저커버그의 맞대결 얘기까지 나오면서 지구촌 사람들의 주목을 단숨에 받는 격투기로 자리매김했다.사진=연합뉴스기사제공 엑스포츠뉴스최원영 기자  기자구독최원영 기자의 구독을 취소하시겠습니까?구독에서 해당 기자의 기사가 제외됩니다.예아니오닫기구독자-응원수-엑스포츠뉴스 최원영 기자입니다.김연경에 김수지 가세…여자배구 우승 1순위는 흥국생명 어느 팀보다 강해 [미디어데이]옐레나+김연경 쌍포 터졌다…흥국생명 개막전서 도로공사에 3-0 압승 [김천:스코어]Copyright ⓒ 엑스포츠뉴스. All rights reserved. 무단 전재 및 재배포 금지.기사 섹션 분류 가이드기사 섹션 분류 안내스포츠 기사 섹션(종목) 정보는 언론사 분류와 기술 기반의 자동 분류 시스템을 따르고 있습니다. 오분류에 대한 건은 네이버스포츠로 제보 부탁드립니다.오분류 제보하기가이드 닫기
2,"테슬라, 모델3·모델Y 가격 3~4% 또 인하...왜 자꾸 내릴까",2023.10.07,조선일보,미국 전기차 업체 테슬라가 현지에서 모델3와 모델Y 등 일부 모델의 가격을 3~4% 가량 내렸다.서울 강남구 그랜드인터컨티넨탈 호텔에 설치된 테슬라 수퍼 차저 충전시설./뉴스1 7일(현지 시각) 테슬라 웹사이트에 따르면 모델3 기본 모델의 시작가는 종전 4만240달러(약 5430만원)에서 3만8990달러(약 5260만원)로 1250달러(약 168만원) 인하됐다. 롱레인지(long range) 모델3 가격은 4만7240달러(약 6370만원)에서 1250달러 모델 3 퍼포먼스는 5만3240달러(약 7180만원)에서 2250달러(약 303만원) 내려갔다.테슬라는 SUV인 모델Y 가격을 5만4490달러(약 7350만원)에서 5만2490달러(약 7080만원)로 2000달러(약 270만원) 내렸다.테슬라는 글로벌 전기차 경쟁이 치열해지면서 지난해 말부터 자동차 가격을 인하하기 시작했다. 가장 큰 시장인 미국과 중국에서는 가격을 내렸다 올리는 등 여러 차례 가격 조정을 한 바 있다.이번 가격 인하는 지난 3분기 테슬라 차량 인도 대수가 시장 예상치를 밑돌았다는 발표가 나온 후 이뤄졌다. 테슬라는 최근 실적 보고서에서 지난 3분기(7~9월) 차량 43만5059대를 인도했다고 밝혔다. 이는 지난 2분기(4~6월)의 차량 인도 대수(46만6140대)보다 7% 줄어든 것이다. 시장 전망치(46만1000대)보다도 3만대 가까이 적었다.6일(현지 시각) 가격 인하 이후 테슬라 주가는 260.05달러에서 260.53달러로 0.18% 상승 마감했다.
3,"일론 머스크와 결별 후에도 출산한 그라임스, 친권 확인 소송[할리우드비하인드]",2023.10.07,뉴스엔,[뉴스엔 이민지 기자] 일론 머스크 아이를 낳은 그라임스가 친권 확인 소송을 냈다.최근 BBC에 따르면 캐나다 출신 가수 그라임스가 테슬라 CEO 일론 머스크 사이에서 낳은 세 자녀의 친권 확인 소송을 제기했다. 그라임스가 낸 친권 확인 소송은 부모가 결혼하지 않은 채 자녀를 출산했을 때 제기하는 경우가 많다고. 그라임스는 앞서 소셜 미디어에 일론 머스크가 자신의 아들 중 한 명에 대한 접근을 차단했다고 글을 남겼다 삭제한 바 있다. 일론 머스크와 그라임스 측 모두 이번 소송에 대해 공식적인 입장은 밝히지 않았다. 일론 머스크와 그라임스는 17세 나이차를 극복하고 지난 2018년 열애를 시작했으며 2021년까지 교제했다. 2020년 첫 아들을 품에 안았고 결별 무렵 대리모를 통해 딸을 출산해 화제를 모았다. 뿐만 아니라 결별 후에도 대리모를 이용해 아들을 낳아 논란에 휩싸였다. 일론 머스크는 세 명의 여성을 통해 적어도 11명의 자녀를 두고 있다.
4,또 가격 내린 테슬라···미국서 최대 300만원 인하,2023.10.07,이코노미스트,모델3·모델Y 판매가격 인하3분기 인도량 부진 우려 등미국 캘리포니아 주 한 주유소에서 전기 충전 중인 테슬라 자동차. [사진 AP=연합뉴스][이코노미스트 마켓in 홍다원 기자] 전기차 기업 테슬라가 미국에서 모델3와 모델Y 등 일부 모델의 가격을 최대 300만원 내렸다. 지난 분기 차량 판매가 예상치를 밑돌자 테슬라가 가격 전쟁에 들어간 것으로 보인다. 6일(현지시간) 테슬라 웹사이트에 따르면 모델3 기본 모델의 시작가는 4만240달러에서 3만8990달러로 1250달러(168만원) 내려갔다.롱레인지 모델3와 모델3 퍼포먼스는 4만7240달러와 5만3240달러에서 각각 1250달러 2250달러(303만원) 인하됐다.SUV인 모델Y 가격도 5만4490달러에서 5만2490달러로 2000달러(272만원) 내렸다. 모델3와 모델Y는 테슬라 차량 중 가장 대중적인 모델이다. 이번 가격 하락 비율은 기존 차값의 2.7∼4.2%에 해당한다.테슬라는 가격 인하 이유는 밝히지 않았다. 다만 테슬라는 지난해 말부터 소비지출 둔화 우려와 전기차 경쟁이 치열해지면서 전 세계 시장에서 자동차 가격을 인하하기 시작했다.특히 가장 큰 시장인 미국과 중국에서는 가격을 내렸다가 다시 올리는 등 여러 차례 가격 조정을 해왔다.이번 가격 인하는 지난 3분기 테슬라 인도량이 시장 예상치에 미치지 못했다는 발표 이후 나왔다. 테슬라는 지난 2일 공개한 보고서에서 7∼9월 3개월 간 모두 43만5059대를 인도했다고 밝혔다.이는 지난 2분기 차량 인도량 46만6140대 대비 7% 감소한 규모다. 팩트셋이 집계한 시장 전망치(46만1000대)를 밑도는 수치다. 테슬라는 올해 전체 자동차 판매량 목표치를 180만대로 잡고 있다. 이날 뉴욕 증시에서 테슬라 주가는 전날보다 약 1% 하락했다.
5,식욕억제제 오젬픽 열풍에 美 식품·유통주 '휘청'…소비 패턴 변하나,2023.10.07,블로터,최근 당뇨병 치료제인 오젬픽이 비만약으로 큰 인기를 끌면서 식품 및 유통업계 실적에 영향을 줄 수 있다는 우려가 제기되고 있다.노보노디스크의 당뇨치료제 오젬픽. (사진=노보노디스크)6일(이하 현지시간) <블룸버그통신>는 오젬픽과 위고비 등의 식욕억제제 판매가 폭발적으로 늘어나면서 식품 및 유통업체 실적에도 영향을 줄 수 있다는 우려가 나오고 있다고 전했다. 지난 4일 존 퍼너 월마트 최고경영자(CEO)는 이미 오젬픽 위고비 등의 인기가 식욕억제제를 복용하는 소비자들의 수요에 영향을 미치고 있다고 밝혔다. 그는 비만약으로 인해 확실히 약간의 변화가 나타나고 있으며 전체 장바구니에서 소비가 약간 감소했다며 소비 품목 개수와 줄고 칼로리가 약간 줄었다고 말했다. 월마트는 최근 쇼핑객을 대상으로 판매 패턴에 대한 조사를 진행한 결과 이와 같이 확인됐다고 밝혔다. 이뿐만 아니라 프링글스와 치즈잇 등으로 알려진 식품업체 켈라노바의 스티브 카힐레인 CEO는 오젬픽이 소비자들의 식이요법에 미치고 있는 영향에 대한 잠재적인 영향을 연구 중이며 필요한 경우 이에 대응할 것이라고 말했다. 이러한 발언이 나오자 식품 및 음료 회사 주가가 일제히 하락했다.  S&P500지수 내 필수소비재 지수는 이번 주에 3.1% 급락하며 5월 이후 최악의 일주일을 보냈다. 전날 올해 1월 이후 최대 하락폭을 기록한데 이어 이날은 0.5% 떨어졌다. 또한 이번 주에 월마트 코스트코 크로거 등 미국 주요 유통업체 주가가 모두 하락했다. 이날 맥주 모델로 제조업체인 콘스텔레이션 브랜드의 주가는 1.96% 하락했고 켈라노바는 0.41% 떨어졌다. 오레오 제조사인 몬델리즈는 2.63% 내리며 지난해 11월 이후 최저치로 마감했다. 이날 유럽에서도 식음료업체들의 주가가 압박을 받았다. 세계 최대 초콜릿 제조업체인 린트와 안호이저부시 인베브 SA 주가가 모두 하락했고 네슬레는 2.5% 떨어지며 5월 이후 가장 큰 폭으로 떨어졌다. 인터랙티브 브로커스의 스티브 소스닉 수석 전략가는 월마트가 비만치료제를 언급하면서 이러한 제품이 더욱 넓은 범주의 기업에 미치는 광범위한 영향이 투자자들의 마음에 각인됐다고 생각한다고 분석했다. 오젬픽과 위고비는 덴마크 제약회사 노보노디스크의 치료제다. 오젬픽은 당초 당뇨치료제로 출시됐는데 체중 감량에 뛰어난 효과를 보이자 노보노디스크는 비만 치료제인 위고비를 출시했다. 위고비는 일론 머스크 테슬라 최고경영자(CEO)가 다이어트의 비결로 지목하면서 더욱 주목받았다. 트릴리언트 헬스에 따르면 미국 내 식욕억제제 매출은 2020년과 지난해 사이에 300% 성장했다. 모건스탠리는 최근 체중감량약을 복용하는 환자들을 대상으로 실시한 조사 결과 이들이 식사 간식을 덜먹고 술과 탄산음료 소비도 줄이는 것으로 나타났다고 밝혔다. 이날 바클레이스는 투자자 메모에서 식욕억제제가 아니라 기준금리 상승이 최근 소비재 주가 하락을 주도했다고 주장했다. 오젬픽에 대한 월마트 CEO의 발언이 나오기 전부터 인플레이션이 가계 소득에 부담을 주면서 필수소비재 주가는 이미 약세를 보이고 있었다. 블룸버그는 필수 소비재 주가가 이미 하락세를 보이고 있는 가운데 식욕억제제가 폭발적인 인기를 끌고 주요 유통업체에서 경고가 나와서 소비자 매도세를 부추기기에 충분했다고 전했다. 일각에서는 식욕억제제가 소비자들의 소비 패턴에 큰 영향을 미치지 못할 것으로 보고 있다. 아비바 인베스터의 리차드 살단하 글로벌 주식 펀드 매니저는 최근의 소비재 주가 변동을 과도하게 해석해서는 안 된다고 경고했다. 그는 이러한 약품이 식욕을 억제하는 경향이 있다는 것을 알고 있지만 주가 움직임이 다소 과도하게 느껴진다며 이러한 약품이 소비자 습관에 어떤 의미가 있는지에 대한 포괄적인 결론을 내리기에는 너무 이르다고 지적했다.
6,9월 수입차 판매 줄었다…내수 침체로 5.7% 하락,2023.10.07,국민일보,15일 서울 강남구의 위치한 벤츠 매장의 모습. 이한영기자지난달 수입차 판매가 국내 경기 침체로 인해 지난해 같은 달 대비 감소했다.7일 한국수입자동차협회(KAIDA)는 지난달 수입 승용차 신규등록 대수가 지난해 같은 달인 2만3928대보다 5.7% 감소한 2만2565대로 집계됐다고 밝혔다. 이는 전달 대비 3.4% 줄었다.테슬라를 제외한 브랜드별 등록 순위에서는 벤츠가 6971대로 경쟁사인 BMW 6188대를 적은 차이로 제치고 전달에 이어 두 달 연속 1위를 기록했다. 뒤를 이어 볼보가 1555대 아우디 1416대 폭스바겐 1114대 순이었다.연료별 판매량은 가솔린 9588대 하이브리드 6779대 전기 3339대 디젤 1904대 플러그인하이브리드 955대 순이다. 전기차는 지난해 같은 기간 대비 17.0% 줄었음에도 판매 점유율 16.8%로 디젤차 9.3%를 크게 앞질렀다. 가장 많이 팔린 모델은 메르세데스-벤츠의 E클래스 모델로 3511대가 판매됐다.정윤영 KAIDA 부회장은 “추석 연휴에 따른 영업일 수 감소와 신차출시를 앞둔 재고 소진 등으로 판매량이 감소했다”고 설명했다.
7,가격 인하 '무차별 공습'...테슬라발 전쟁 발발 [지금이뉴스],2023.10.07,YTN,전기차 업체 테슬라가 미국에서 모델3와 모델Y 등 일부 모델의 가격을 우리 돈으로 최대 300만 원 내렸습니다.테슬라 웹사이트에 따르면 모델3 기본 모델의 시작가는 4만240달러에서 3만8천990달러로 천250달러 내려갔습니다.롱레인지 모델3와 모델3 퍼포먼스는 4만7천240달러와 5만3천240달러에서 각각 1천250달러 2천250달러 떨어졌습니다.테슬라는 또 SUV인 모델Y 가격을 5만4천490달러에서 2천 달러 내렸습니다.모델3와 모델Y는 테슬라 차량 중 가장 대중적인 모델로 이번 가격 하락 비율은 2.7∼4.2%에 해당합니다.테슬라는 가격 인하 이유는 밝히지 않았습니다.다만 테슬라는 지난해 말부터 소비지출 둔화 우려와 전기차 경쟁이 치열해지면서 전 세계 시장에서 자동차 가격을 인하하기 시작했습니다.특히 가장 큰 시장인 미국과 중국에서는 가격을 내렸다가 다시 올리는 등 여러 차례 가격 조정을 해왔습니다.기자ㅣ신웅진제작ㅣ이선AI 앵커ㅣY-GO
8,김종인-尹대통령이 투자권유?…유명인 사칭 '가짜광고' 안막나 못막나,2023.10.07,뉴시스,금융인 교수 인플루언서 정치인 얼굴과 명의 도용해 투자 권유AI 기술과 결합한 딥페이크 악용시 피해 확산될 듯플랫폼 기업 자율규제책 필요…사기 광고사업자 엄벌해야김종인 전 국민의힘 비상대책위원장을 사칭한 가짜 광고(사진=김경진 전 의원 페이스북 갈무리) *재판매 및 DB 금지[서울=뉴시스]송혜리 기자 = #안녕하세요 저는 000 교수.최근에 주식 교류 그룹을 설립했습니다. 제가 제공하는 모든 예측 동향은 30% 이익을 유지합니다. 함께 배우고 함께 참여하세요.어떤 비용도 없습니다. 안심하고 참여하세요!주식 투자자이거나 투자 또는 재무 관리를 배우고 싶은 경 우 주식 거래 커뮤니티 그룹에 가입하는 것을 권장합니다. 위에 언급된 혜택을 누리세요! 우리는 엄격히 약속드리며 수수료나 의무적인 협력은 없으며 모든 것은 자발적입니다.최근 국내 유명인들의 얼굴과 명의를 도용한 가짜 광고가 소셜네트워킹서비스(SNS)에서 빠르게 확산되고 있다. 주로 불법 주식 리딩방 혹은 전자화폐 투자 사이트를 소개하는 사기성 광고물들인데 최근 김종인 전 국민의힘 비상대책위원장을 사칭한 가짜광고까지 등장해 주목을 받고 있다. 대범한 가짜광고…김종인 전 비대위원장과 尹 대통령 얼굴까지 악용
9,"아이스크림집 직원, 공원 관리인에서 대통령이 된 사람들[정미경의 이런영어 저런미국]",2023.10.07,동아일보,미국이 어떻게 돌아가는지 궁금하십니까. 영어를 잘 하고 싶으십니까. 그렇다면 ‘정미경의 이런 영어 저런 미국’으로 모이십시오. 여러분의 관심사인 시사 뉴스와 영어 공부를 다양한 코너를 통해 동시에 충족시킬 수 있는 공간입니다. 아래 링크로 구독 신청을 해주시면 기사보다 한 주 빠른 월요일 아침 7시에 뉴스레터를 받아보실 수 있습니다.▶뉴스레터 신청https://www.donga.com/news/Newsletter조 바이든 대통령이 과거 자신이 수중 안전요원으로 일했던 수영장을 다시 방문해 기뻐하는 모습. 백악관 홈페이지Everyone has to start somewhere.”(우리 모두 어딘가에서 시작해야 한다)추석 연휴를 맞아 가족 친지가 모인 자리에서 직장 얘기가 빠지지 않습니다. 젊은이들이 가장 많이 받게 되는 질문은 “취직했냐”입니다. 이 질문이 싫어서 고향에 가지 않는 젊은이들도 있습니다. 취직했지만 별로 알아주지 않는 직장일 수도 있습니다. 사실 첫 직장은 본인이나 주변 사람들의 기대를 만족시킬만한 수준이 되지 못할 가능성이 큽니다.직장에 만족하지 못하는 사회 초년생들에게 위로가 될만한 미국 속담입니다. 미국은 경력을 중시하는 사회입니다. 경력이 없으면 받아주는 곳도 없습니다. 경력을 쌓으려면 어딘가에서 시작해야 합니다. 화려한 경력의 소유자도 처음에는 시시해 보이는 직업에서 출발해 경력을 쌓은 것입니다. ‘somewhere’는 ‘어딘가에’라는 불특정 장소를 말합니다. 어떤 직업을 택하건 거기서 배워나가면 된다는 의미입니다.조 바이든 대통령의 첫 직업은 대학 시절 ‘라이프가드’라고 불리는 수중 안전요원이었습니다. 멋진 산타모니카 해변이 아니라 델라웨어의 가난한 흑인 동네 공립 수영장에서 일했습니다. 흑인 수영장의 유일한 백인이었던 그는 흑인들이 겪는 불평등을 가까이서 봤습니다. 이런 경험은 정치인이 된 후 각종 사회개혁 법안을 주도적으로 만드는 데 큰 도움이 됐습니다. 흑인 수영장은 그를 잊지 않았습니다. ‘Joseph Biden Aquatic Center’(조지프 바이든 아쿠아 센터)라는 이름으로 바꿨습니다. 바이든 대통령은 수영장 개명식에 참석해 이렇게 말했습니다. “I owe you all”(당신들에게 빚을 졌다). ‘여러분이 나에게 신세를 진 것이 아니라 내가 여러분에게 신세를 졌다’라는 것입니다.한국인이 좋아하는 작가 무라카미 하루키는 이렇게 말했습니다. “Everybody has to start somewhere. You have your whole future ahead of you. Perfection doesn’t happen right away”(우리 모두 어디에선가 시작해야 한다. 당신의 미래가 앞에 펼쳐져 있다. 완성은 금세 이뤄지지 않는다). 미국 대통령도 마찬가지입니다. 대부분은 보잘것없는 직업에서 출발해 남모르는 노력을 거쳐 그 자리에 올랐습니다. 미국 대통령들의 첫 직장을 알아봤습니다.버락 오바마 대통령의 첫 직장이었던 하와이 호놀룰루의 배스킨라빈스. 배스킨라빈스 홈페이지I’ll never forget that job — or the people who gave me that opportunity — and how they helped me get to where I am today.”(그 직업 - 그리고 나에게 일할 기회를 준 사람들을 결코 잊지 못할 것이다. 지금의 내가 있을 수 있도록 도와준 사람들이다)버락 오바마 대통령의 첫 직업은 ‘ice cream scooper’였습니다. ‘scoop’(스쿱)은 ‘큰 숫갈’을 말합니다. 아이스크림 가게에서 각종 아이스크림을 스쿱으로 떠주는 종업원을 ‘scooper’라고 합니다. 기자 세계에서 특종을 ‘scoop’이라고 하는 것도 여기서 유래했습니다. 뉴스의 ‘큰 한 움큼’이라는 뜻입니다.오바마 대통령은 부모의 이혼으로 하와이에서 조부모와 살았습니다. 어려운 가계 형편 때문에 여름방학이 되면 호놀룰루의 배스킨라빈스에서 일했습니다. 배스킨라빈스의 여느 종업원처럼 앞치마를 두르고 모자를 쓰고 ‘한 스쿱’ ‘두 스쿱’ 주문을 받았습니다. 깡마른 소년에게 스쿠퍼는 고된 직업이었습니다. 딱딱한 아이스크림을 뜨느라 손목이 아파 ‘터널 증후군’까지 생겼습니다.하지만 배운 것이 더 많습니다. 우선 그가 사랑하는 농구를 알게 됐습니다. 배스킨라빈스 앞 공터에 모여 길거리 농구를 하는 것을 보고 처음 농구를 접하게 됐습니다. 더 소중한 것은 노동의 가치를 깨닫고 다른 사람과의 소통기술을 배웠다는 것입니다. 오바마 대통령이 자서전에서 한 말입니다. 당시의 경험을 바탕으로 지금의 성공을 이룰 수 있었다는 것입니다. 그의 첫 직장이었던 호놀룰루 킹스트리트에 있는 배스킨라빈스 지점은 지금은 세계적으로 유명한 관광 명소가 됐습니다.젊은 시절 도널드 트럼프 대통령(왼쪽)과 아버지 프레드 트럼프. 위키피디아I learned to stand out of the doorway to avoid the possibility of being shot.”(총에 맞을 가능성을 피하기 위해 출입문 근처에서 얼쩡거리지 말 것을 배웠다)도널드 트럼프 대통령의 첫 직업은 ‘rent collector’(임대료 수거인)였습니다. 아버지 소유 건물의 임대료를 걷는 일이었습니다. 부동산 재벌인 아버지 프레드 트럼프는 아들이 편하게 재산을 물려받는 것을 원치 않았습니다. 트럼프 대통령은 어린 시절부터 아버지의 건설 현장을 따라다녔습니다. 빈 병 캔 등을 주워 돈으로 바꿔 저축했습니다.트럼프 대통령의 사업 스타일을 가리켜 ‘street smart’(스트릿 스마트)라고 합니다. 책이 아니라 길거리에서 배운 사업 감각이라는 뜻입니다. 아버지는 번화가뿐 아니라 빈민 지역에도 건물을 소유하고 있었습니다. 트럼프 대통령은 명문 경영대인 와튼스쿨을 졸업했지만 뉴욕의 범죄 지역을 출입하며 임대료를 걷는 일을 하면서 세상 물정을 터득했습니다. 경제잡지 포브스 인터뷰에서 밝힌 첫 직장의 교훈입니다. 왕래가 잦은 출입구 근처에 있다가 총을 맞을 가능성이 크다는 것입니다. ‘out of the way’는 ‘진로에서 피하다’라는 뜻입니다. ‘in the way’의 반대말입니다. 임대료 수거는 목숨을 걸고 해야 하는 일이었지만 이를 통해 거래의 기술을 터득했다고 합니다.옐로우스톤 국립공원 파크레인저 시절의 제럴드 포드 대통령. 제럴드 포드 대통령 도서관 홈페이지It’s undemocratic and un-American to give special attention to VIPs.”(VIP 인사들에게 특별 혜택을 주는 것은 비민주적이고 비미국적이다)제럴드 포드 대통령의 첫 직업은 ‘park ranger’(파크레인저)였습니다. 미국의 유일한 파크레인저 출신 대통령입니다. 국립공원관리청(NPS) 소속의 파크레인저는 미국 전역에 있는 63개 국립공원을 관리하는 일을 합니다. 공원 내 시설물 유지 보수 동식물 관리 범죄 예방 산불 보호 등이 주요 업무입니다. 소방관 경찰관과 마찬가지로 파크레인저 역시 미국인들의 존경을 받는 제복 직업입니다.포드 대통령은 대학 졸업 후 법대 대학원 진학을 앞두고 파크레인저에 지원해 합격했습니다. 미국인들이 가장 좋아하는 국립공원 옐로우스톤에 배치돼 1년간 근무했습니다. 잠시 사회 경험을 쌓기 위한 직업이었지만 열심히 일했습니다. 첫 임무는 곰 먹이 주기. 무장복을 입어야 하는 위험한 일이었지만 곰과 교류했던 순간을 “인생 최고의 경험”으로 꼽았습니다. 캠핑장 주차 관리도 담당했습니다. 매일 새벽마다 엘로우스톤의 광활한 캠핑장을 뛰어다니며 불법 주차를 가려내는 일이었습니다. 미시건대 미식축구팀 출신인 그에게 안성맞춤의 임무였습니다.마지막 임무는 ‘캐니언 로지 앤 캐빈’ 예약 관리였습니다. 캐니언 로지 앤 캐빈은 옐로우스톤 안에 있는 500명을 수용하는 대형 숙박시설입니다. 이곳에는 정재계 리더 연예인 등 VIP 인사들의 숙박 요청이 많습니다. VIP에게 우선권을 주는 것은 옐로우스톤의 오랜 전통이었지만 포드 대통령은 반발했습니다. 관리 책임자에게 보낸 편지에서 VIP 새치기 숙박을 “비민주적이고 비미국적인 처사”라고 비판했습니다. 1년 차 신입의 당돌한 지적은 지금도 파크레인저들 사이에서 전설처럼 전해져 내려옵니다.명언의 품격나무를 쪼개는 10대 시절의 에이브러햄 링컨 대통령. 에이브러햄 링컨 대통령 도서관 홈페이지에이브러햄 링컨은 별명이 많은 대통령입니다. 널리 알려진 별명은 ‘Honest Abe’(정직한 에이브)입니다. 대통령이 되기 전 양심적인 변호사여서 생긴 별명입니다. 대통령이 된 뒤에는 노예해방을 관철시킨 배짱 때문에 ‘Tycoon’(거인)이라는 별명을 얻었습니다. 노예해방과 관련해 ‘Great Emancipator’(위대한 해방가)라는 별명도 있습니다. 나이가 들어서는 백악관에서 손님과 대화할 때 “라떼는 말이야” 스타일의 얘기를 즐겨 해서 ‘The Ancient One’이라는 별명을 얻었습니다. ‘구석기인’을 말합니다.링컨의 젊은 시절을 말해주는 별명은 ‘Rail Splitter’입니다. ‘나무를 쪼개는 사람’을 말합니다. ‘rail’(레일)은 좁고 긴 나무판을 연결한 것을 말합니다. 기차 레일이 대표적입니다. ‘split’은 ‘쪼개다’라는 뜻입니다. 가난한 집에서 태어난 링컨은 어릴 때부터 일을 도와야 했습니다. 처음에는 집에서 쓸 땔감용 나무를 쪼개다가 10대 후반에는 아예 직업 전선에 나섰습니다. 190cm가 넘는 큰 키에서 나오는 힘 때문에 도끼로 나무를 내려치는 실력이 뛰어났습니다. 아버지는 여기저기서 일감을 가져왔습니다. 21세 때 집을 떠나기까지 링컨이 나무를 쪼개서 얻는 돈은 가족의 중요한 수입원이었습니다.링컨은 나무를 쪼개는 생활을 청산하고 변호사로 성공했습니다. 그가 대선에 입후보했을 때 유권자의 기억에 남을만한 슬로건이 필요했습니다. 그때 링컨의 어린 시절을 잘 아는 친척이 제안한 슬로건입니다.Abraham Lincoln - The Rail Splitter Candidate.”(에이브러햄 링컨 나무 쪼깨는 후보)슬로건은 히트를 쳤습니다. 링컨의 이미지와 맞아떨어졌기 때문입니다. 쭉 뻗은 나무와 같은 곧은 성품 취업 전선에 나서야 했던 고난의 어린 시절 이를 이겨낸 자립정신의 메시지를 담은 별명이었습니다. 링컨은 유세할 때 아예 나무를 소품으로 가지고 다녔습니다. 사회자가 소개하면 무대에 뛰어나와 나무 쪼개기 퍼포먼스를 선보였습니다. 점잖은 이미지의 링컨 대통령과는 어울리지 않지만 미국인들이 가장 좋아하는 별명입니다.실전 보케 360스페이스X 본사에서 일론 머스크(오른쪽)를 인터뷰하는 작가 월터 아이작슨(왼쪽). 일론 머스크 X 캡처실생활에서 많이 쓰는 쉬운 단어를 활용해 영어를 익히는 코너입니다. 최근 발간된 테슬라 경영자 일론 머스크 전기가 화제입니다. 스티브 잡스의 전기를 썼던 월터 아이작슨이 쓴 ‘일론 머스크’에는 머스크의 경영철학 가족관계에 대한 흥미로운 얘기들이 등장합니다. 책에서 머스크는 경영자로서 자신의 자질에 대해 이렇게 말했습니다.I’ve got a bad habit of biting off more than I can chew.”(나는 욕심을 부리는 나쁜 습관이 있다)‘bite off’는 ‘한입 베어 물다’라는 뜻입니다. ‘chew’(츄)는 ‘씹다’라는 뜻입니다. 음식을 먹을 때는 씹을 수 있을 만큼 베어 물어야 합니다. 하지만 욕심이 과하면 씹는 양보다 더 많이 베어 물게 됩니다. ‘bite off more than can chew’는 욕심을 부린다는 의미입니다. 머스크는 테슬라 스페이스X만으로도 바쁜데 트위터까지 인수했습니다. 트위터 인수와 구조조정에 골몰하느라 다른 사업들까지 차질을 빚었습니다. 욕심을 부리는 성격이 나쁜 줄 알지만 고치기 힘들다는 것이 머스크의 변명입니다.이런 저런 리와인드동아일보 지면을 통해 장기 연재된 ‘정미경 기자의 이런 영어 저런 미국’ 칼럼 중에서 핵심 아이템을 선정해 그 내용 그대로 전해드리는 코너입니다. 오늘은 2018년 11월 27일 소개된 블랙프라이데이에 관한 내용입니다. 한국의 추석은 미국의 추수감사절과 비슷합니다. 추수감사절은 크리스마스와 더불어 미국인들이 가장 좋아하는 명절입니다. 하지만 요즘은 추수감사절보다 그다음 날 찾아오는 블랙프라이데이가 더 명절 분위기가 납니다.▶2018년 11월 27일자https://www.donga.com/news/article/all/20181127/93041630/1블랙프라이데이에 개장 시간에 맞춰 상점 안으로 질주하는 쇼핑객들. 위키피디아블랙프라이데이 시즌입니다. 블랙프라이데이부터 크리스마스로 이어지는 한 달 정도의 기간을 ‘쇼포칼립스’라고 합니다. ‘shop’과 ‘apocalypse’의 합성어로 ‘쇼핑 지옥’을 말합니다. 쇼핑 좋아하는 미국인들에게 블랙프라이데이는 절정의 쇼핑 기간입니다. 미국인들이 즐겨 쓰는 표현들을 알아봤습니다.Black Friday brings out a competitive streak.”(블랙프라이데이는 경쟁 본능을 부추긴다)느긋하게 사는 미국인들은 평소 치열한 경쟁에 나설 기회가 별로 없습니다. 그러다가 블랙프라이데이가 되면 마음속 깊숙이 자리 잡은 경쟁 본능이 살아납니다. 경쟁심이 발동한다고 할 때 ‘bring out a competitive streak’이라고 합니다. ‘streak’(스트릭)은 ‘가닥’을 말합니다. 마음속에 다양한 감정들이 있는데 블랙프라이데이가 되면 경쟁심의 가닥이 뻗쳐 나온다는 의미입니다. 경쟁심이 강한 사람을 가리켜 “he has a competitive streak”이라고 합니다.Today is on me.”(오늘 내가 낼게)블랙프라이데이 쇼핑객의 대부분은 여성입니다. 블랙프라이데이 때 흔히 볼 수 있는 풍경으로 ‘tag-along husband’라는 말이 있습니다. ‘tag’(택)은 ‘꼬리표’를 말합니다. 꼬리표처럼 부인을 따라 쇼핑에 나선 처량한 남편을 가리키는 말입니다. 몇 번 따라나섰다가 지친 남편들은 부인에게 신용카드를 건네주고 집에서 쉽니다. 그럴 때 남편이 부인에게 하는 말입니다. 미국인들은 음식점에서 각자 돈을 내는 더치페이를 선호하지만 만약 내가 다 내고 싶다면 “today is on me” 또는 “it′s on me today”라고 하면 됩니다.Get a job!”(정신 차려)블랙프라이데이 하루 전부터 인기 상점 앞에는 긴 줄이 늘어섭니다. 밤을 새우기 위해 아예 텐트와 침구를 가져온 사람들도 많습니다. 줄을 선 사람들을 가리켜 ‘도어버스터즈’(doorbusters)라고 합니다. 오랜 시간을 기다렸다가 영업시간이 되면 문을 부술 기세로 뛰어 들어가 할인 상품들을 선점하는 사람들입니다. 일반인의 눈에는 도어버스터즈가 이해가 안 됩니다. 더 편하고 효율적으로 쇼핑할 방법이 많기 때문입니다. 도어버스터즈를 향한 조롱입니다. ‘get a job’은 ‘직장을 찾아봐’가 아니라 ‘get a life’의 의미입니다. “너의 삶을 찾아라” “정신 차려.”
10,"아마존, 위성 인터넷 사업 위한 첫 시험 위성 2기 발사",2023.10.07,KBS,위성 인터넷 사업을 추진 중인 세계 최대 전자 상거래 업체 아마존이 6일(현지 시간) 시험 위성 2기를 발사했습니다. 아마존의 통신 시험 위성 2기는 이날 미 플로리다주 케이프 커내버럴 우주정거장에서 보잉과 록히드마틴의 합작법인인 유나이티드 론치 얼라이언스(ULA)의 아틀라스Ⅴ 로켓에 실려 발사됐습니다. 이번 시험 위성 발사는 아마존이 추진 중인 우주 인터넷 사업 프로젝트 카이퍼(Kuiper)의 일환입니다. 프로젝트 카이퍼는 아마존이 향후 10년 안에 최대 3천 236개의 위성을 쏘아 올려 위성 인터넷 사업을 한다는 계획입니다. 이미 이 분야에 진출해 있는 일론 머스크 테슬라 최고경영자(CEO)의 우주 기업인 스페이스X의 스타링크와 같은 사업입니다. 아마존은 카이퍼 구축을 위해 100억 달러(13조 5천억 원) 이상을 투자하며 최근 플로리다에 1억 2천만 달러(천 621억 원)를 들여 발사 전 처리 시설을 착공했습니다. 아마존은 내년 말까지 위성 인터넷 서비스를 시작한다는 계획이어서 스페이스X와 치열한 경쟁을 예고하고 있습니다.[사진 출처 : UPI=연합뉴스]■ 제보하기▷ 전화 : 02-781-1234 4444▷ 이메일 : ▷ 카카오톡 : KBS제보 검색 채널 추가▷ 네이버 유튜브에서 KBS뉴스를 구독해주세요!
11,아마존 우주 사업은 현재진행형…’프로젝트 카이퍼’ 위한 위성 2기 발사,2023.10.07,이코노미스트,아마존 우주 위성 인터넷 사업에 13조원 투자 계획 ’스페이스X의 스타링크와 시장 선점 놓고 경쟁 중아마존 시험 위성 발사 모습 [사진 UPI/연합뉴스][이코노미스트 최영진 기자] 세계 최대 이커머스(E-commerce) 기업 아마존이 6일(현지시간) 시험 위성 2기를 발사했다. 이번에 발사한 위성은 아마존이 진행하고 있는 우주 인터넷 사업을 위한 것으로 알려졌다. 아마존이 진행하고 있는 우주 인터넷 사업명은 ‘프로젝트 카이퍼’(Project Kuiper)로 알려져 있다. 이번에 시험 위성 발사도 이 프로젝트의 일환이다. 아마존은 향후 10년 동안 최대 3263개의 위성을 쏘아 올릴 계획이다. 이번에 발사된 아마존의 통신 시험 위성 2기는 미 플로리다주 케이프 커내버럴 우주정거장에서 보잉과 록히드마틴의 합작법인인 유나이티드 론치 얼라이언스(ULA)의 아틀라스Ⅴ 로켓에 실려 발사됐다. 아마존은 이번 사업을 위해 총 100억 달러(13조5000억원) 이상을 투자할 계획이다. 최근에는 미 플로리다에 1억2000만 달러를 들여 발사 전 처리 시설을 착공한 바 있다. 아마존은 내년 말까지 위성 인터넷 서비스를 시작한다는 계획이다. 라지예프 바디알 프로젝트 카이퍼 기술 담당(부사장)은 성명을 통해 우리는 실험실에서 광범위한 테스트를 했고 위성 설계에 대한 자신감을 가지고 있지만 궤도상 테스트를 대체할 수 있는 것은 없다고 말했다.아마존의 위성 2기 발사로 일론 머스크 테슬라 최고경영자(CEO)의 스페이스X가 진행하고 있는 스타링크와 본격적인 경쟁에 돌입했다. 스페이스X는 아마존보다 더 빠르게 위성 인터넷 사업에 뛰어들었다. 2018년 첫 번째 테스트 위성인 스타링크 위성을 쏘아 올렸고 2019년에 첫 번째 운영 위성 발사에 성공했다. 이후 스페이스X가 운영하고 있는 자체 팰컨 로켓으로 5000여 개의 위성을 발사했다.
12,"‘농슬라’ 디어, 호실적에도 주가 ‘뚝’…왜?",2023.10.07,이데일리,[주목!e해외주식]디어앤컴퍼니3Q 영업익 35.2억달러 전년비 33%↑올해 연간 순이익 가이던스 상향고금리·곡물가 안정에 내년 수요↓시장지표 개선 시 수요 증가 기대[이데일리 김응태 기자] ‘농슬라’(농기계 테슬라)로 불리는 디어앤컴퍼니의 올해 3분기 실적이 시장 기대치를 웃돌았다. 판가 인상으로 외형이 성장하고 수익성도 개선됐다. 다만 일각에선 고금리 기조가 지속되고 급등한 곡물 가격이 안정되면서 농기계 수요가 둔화할 수 있다는 우려가 제기되기 시작했다. 증권가는 북미 인프라 투자로 건설 부문 수요가 견조한 데다 금리 등 시장지표 개선 시 높은 수익성을 유지할 것으로 전망했다.디어앤컴퍼니의 자율주행 트랙터. (사진=로이터)유재선 하나증권 연구원은 7일 “디어앤컴퍼니의 올해 3분기 매출액은 158억달러를 기록하며 전년 대비 12% 증가했다”며 “누적된 판가 인상 효과가 지속되며 전년 대비 매출액 성장세를 이어갔다”고 진단했다. 3분기 영업이익은 35억2000만달러로 전년 대비 32.9% 성장했다. 영업이익률은 3.5%포인트 상승한 22.3%를 기록했다. 매출액 성장률 둔화에도 공급망 불확실성 해소가 계속되며 전 부문에서 생산비용 절감이 이뤄진 것으로 풀이된다. 디어앤컴퍼니는 3분기 실적 호조에 힘입어 올해 연간 순이익 가이던스를 97.5억~100억달러로 추가 상향했다. 4분기에도 공급망 불확실성 해소에 따른 생산비용 감소세가 이어질 것이란 근거에서다. 상향된 가이던스 상·하한 적용 시 2023회계연도 순이익은 전년 대비 36.7%~40.2% 범위 내에서 증익이 예상된다는 분석이다. 실적이 개선됐지만 실적 발표 당일 디어앤컴퍼니의 주가는 5.28% 하락했다. 건설기계와 농기계 모두 전분기 대비 출하량 증가세가 둔화하며 과거 4개 분기 동안 이어졌던 고성장세가 일단락됐다는 시각이 확산했기 때문으로 보인다. 수요 강도가 가장 약했던 소형 농기계 부문 출하량이 전분기 대비 감소하며 부진했다고 짚었다. 내년 역시 수요 부진 우려가 제기된다. 특히 지난해 급등했던 곡물가격이 회귀하는 가운데 고금리 여파가 지속되며 농기계 수요가 위축될 것이란 전망이 나온다.다만 증권가에선 주요 곡물 가격의 수준은 과거 대비 여전히 높은 데다 재고가 역사적으로 봤을 때 낮은 수준이라고 평가했다. 아울러 오는 2024년에도 북미 인프라 정책과 제조업 리쇼어링 트렌드가 이어지며 견조한 실적을 보일 것으로 예상했다. 유 연구원은 “금리 곡물가격 등 시장 지표 개선으로 농기계 수요 증가세가 동반된다면 절대적인 순이익은 높은 수준에서 지속할 여지가 있다”고 말했다.
13,"대추·수박씨로 뽑은 커피, 스타벅스 이겼다…커피시장 테슬라 될까",2023.10.07,머니투데이,[글로벌 스타트업씬] 10월 1주차 핫뉴스[편집자주] 글로벌 스타트업씬은 한주간 발생한 주요 글로벌 벤처캐피탈(VC) 및 스타트업 소식을 전달하는 코너입니다. 이에 더해 국내 스타트업 시장에 미칠 영향과 전망까지 짚어드립니다.세계 최초로 원두 없는 대체 커피가 판매된다. 식물 폐기물을 원료로 사용하는 이 커피는 2021년 워싱턴대 학생들을 대상으로 한 블라인드 테스트에서 스타벅스 커피를 누르고 70% 이상의 학생의 선택을 받아 화제를 모았다. 커피 맛과 풍미를 그대로 재현했다는 평가다. 기후 위기로 원두 생산량이 감소하면서 원두 가격이 급등하는 가운데 대체 커피가 커피 시장에 자리 잡을 수 있을지 관심이 모아진다. ━원두 없는 대체 커피 10일부터 美 커피숍서 판매 ━아토모커피가 만든 원두콩 없는 커피 그라운드 에스프레소/사진제공=아토모커푸드테크 스타트업 아토모 커피(Atomo Coffee)가 오는 10일부터 매주 화요일 검션 커피(Gumption Coffee) 타임스퀘어지점에서 원두 없는 커피를 판매한다고 밝혔다. 아토모 커피는 원두 대신 대추씨나 치커리 뿌리 포도 껍질 해바라기씨 겉껍질 수박씨 등 식물 폐기물을 주재료로 한 대체 커피를 개발했다. 식물 폐기물에서 뽑아낸 분자 성분을 배합해 커피의 맛과 향을 거의 그래도 재현한 것으로 알려져 있다. 카페인 성분은 녹차에서 추출해 제조한다.원두 생산은 산림 황폐화의 주요 원인으로 꼽혀왔다. 기후위기가 심각해지자 커피 농장들이 더 서늘한 곳에서 재배하기 위해 지대가 높은 산으로 위치를 옮기며 산림을 파괴하고 있기 때문이다. 호주기후연구소는 기후위기를 제대로 통제하지 않으면 2050년에는 전세계 커피 재배지의 절반이 사라질 것이라는 연구결과를 발표하기도 했다. 에토모 커피는 원두 대신 버려지는 식자재를 활용하기 때문에 친환경적으로 생산하고 있다는 설명이다. 에토모 커피에 따르면 대체 커피는 일반 커피보다 탄소배출량을 93% 줄이고 물도 94% 적게 사용한다. 앤디 클레이치(Andy Kleitsch) 아토모 커피 대표는 현재 커피 매장에 일주일에 한번 공급할 분량만 생산하고 있지만 내년 봄에는 미국 전역에 유통될 수 있도록 할 것이라고 밝혔다. 아토모 커피는 현재 연간 400만 파운드 규모의 커피를 생산할 수 있는 시설을 짓고 있으며 추가적으로 4000만 파운드 규모의 생산 시설도 건설할 계획이다.━스페이스X 여성·소수자 임금 차별 혐의로 피소 ━미국 캘리포니아주 호손에 있는 스페이스X 본사/사진=AFP일론 머스크 테슬라 최고경영자가 설립한 스페이스X가 여성·소수자 직원에게 차별적인 임금을 지급했다는 주장이 나왔다. 6일(현지시각) 테크크런치 등 주요 외신에 따르면 스페이스X의 전 엔지니어 애슐리 폴츠는 지난 3일 스페이스X를 상대로 여성·소수자 직원에게 백인·남성 동료직원보다 적은 급여를 지급했다며 로스엔젤레스 고등법원에 소송을 제기했다고 보도했다. 폴츠는 자신과 비슷하거나 더 낮은 연차인 남성 직원들은 최대 연봉 11만5000달러를 받는 반면 자신은 연봉 9만2000달러를 받았다고 주장했다. 폴츠가 낸 소장에 따르면 지난해 스페이스X에 고용된 슐츠는 올해 채용공고에 급여 공개를 의무화하는 캘리포니아의 법이 시행되면서 임금 차별 사실을 알게 됐다. 스페이스X는 급여를 9만5000~11만5000달러로 기재해 채용공고를 낸 이후에야 슐츠의 급여를 9만5000달러로 인상했다. 또 폴츠는 스페이스X가 낮은 급여를 정당화하기 위해 여성과 소수자를 낮은 직위에 고용하고 남성과 백인 직원은 더 많이 승진시켜 임금 격차를 심화시키고 있다고 주장했다. 스페이스X가 고용차별 혐의로 고소나 소송을 당한 건 이번이 처음이 아니다. 미국 법무부는 지난 8월 스페이스X가 난민 등을 채용에서 차별했다는 이유로 소송을 제기했다. 지난해 11월에는 스페이스X의 전 직원 8명이 머스크의 회사 전용기 승무원 성추행 의혹과 트위터에서의 부적절한 언행을 지적하는 서한을 경영진에 전달했다가 해고당했다며 노동관계위원회에 회사를 신고했다.━호흡만으로 암 진단?…실리콘밸리 전문가의 새로운 도전 ━비벡 와드하(Vivek Wadhwa) 바이오닉스 바이오사이언스(Vionix Biosciences) 창업자/사진제공=비벡 와드하 홈페이음주를 측정하는 것처럼 호흡으로 암을 발견할 수 있을까. 5년 전 아내를 암으로 잃은 실리콘밸리의 한 사업가가 호흡으로 암을 진단하는 기술 개발에 나서 화제다. 아직 많은 연구검증 단계가 필요하지만 상용화가 될 경우 전세계 의료 격차도 줄일 수 있다는 기대가 나오고 있다. 4일(현지시간) 블룸버그에 따르면 바이오닉스 바이오사이언스(Vionix Biosciences)는 호흡만으로 사람의 암을 진단하는 프로젝트를 진행하고 있다. 바이오닉스의 창업자 비벡 와드하(Vivek Wadhwa)은 미국의 저명한 경영구조학자이자 IT(정보통신) 애널리스트로 워싱턴포스트의 필진으로 활동했다. 두 번의 창업을 하고 카네기멜론대 싱귤래리티대 등 미국 명문대에서 교수로 지내기도 했다.비벡 와드하 대표가 의료시장에 뛰어든 건 2018년 아내가 희귀암을 진단받으면서다. 아내가 각종 약물 치료를 받는 동안 암에 대해 이해하고 상담하기 위해 와드하 대표는 암:만병의 황제의 역사로 퓰리처상을 받은 암 전문의 싯다르타 무케르지를 비롯해 관련 전문가들과 교류하기 시작했다. 지난 7월 회사를 설립한 그는 전세계 게놈 과학자들과의 논의 끝에 숨을 내쉬거나 들이마실 때 폐암 유방암 등을 발견할 수 있는 물질이 포함돼 있다는 것을 알게 됐고 해당 프로젝트에 착수했다. 바이오닉스의 기기는 휴대가 가능해 병원 밖에서도 작동하도록 만드는 것이 목표다. 전문가들은 해당 기기가 성공적으로 개발된다면 빈곤층이나 농촌인구 등 의료사각지대에 놓인 사람들에게 유용하게 사용될 수 있을 것으로 기대하고 있다. 다만 호흡 측정 기술을 개발하기 까다롭고 여러 임상 절차가 남아 있다는 점은 한계로 꼽힌다.━美 법원 VC에 흑인 女창업가 우대 정책 중단 명령 ━지난 8월10일(현지시간) 뉴욕에서 열린 기자회견에 참석한 아야나 파슨스(Ayana parsons 오른쪽) 피어리스펀드의 최고운영책임자와 아리안 시몬(Arian Simone) 피어리스펀드 대표 /AP=뉴시스미국 법원이 미국 벤처캐피탈(VC) 피어리스 펀드에게 유색인종 창업가에게 보조금을 지급하는 정책을 중단하라는 판결을 내렸다. 지난 8월 이 회사는 소수자인 유색인종 여성창업자에 우선 투자하는 행위가 불법적인 인종차별이라며 미국 보수 단체로부터 소송을 당했다.3일(현지시각) 테크크런치 등 주요외신에 따르면 미국 연방항소법원은 피어리스 펀드가 흑인 여성 창업가에게만 보조금을 지급하는 프로그램을 일시적으로 중단해달라는 미국 보수 단체 AAER의 신청을 승인했다. 이번 결정은 지난주 피어리스 펀드의 보조금 정책을 허가한 하급 법원의 판결을 뒤집은 것이다. 지난주 빌 클린턴 전 대통령이 임명한 토마스 스래쉬 판사는 해당 프로그램을 자선 기부 활동으로 볼 수 있어 수정헌법 1조에 따라 보호된다며 보수 단체의 요청을 거부했다. 이후 AAER 은 항소했고 3명으로 구성된 판사단들이 1심 판결을 2대 1로 뒤집었다.특히 이번 판결은 판사들의 정치적 성향에 따라 첨예하게 갈리고 있다. 진보 진영인 빌 클린턴 전 대통령이 임명한 판사는 보조금 지급을 승인하고 보수 진영의 도널드 트럼트 대통령이 임명한 판사는 보조금을 중단해야 한다는 의견을 밝혔기 때문이다. 한편 지난 8월 미국 보수 단체 AAER은 흑인 여성 창업가에게만 보조금 2만달러(약 2600만원)을 지원하는 피어리스의 프로그램이 비흑인 창업자를 차별한다며 인종·피부색·국적 등에 따른 차별을 금지한 민권법에 위배한다고 소송을 제기했다. 이 보수단체는 아이비리그 대학의 소수인종 입학제도가 역차별이라며 헌법소원을 제기해 승소한 에드워드 블룸 변호사가 이끌고 있다. [머니투데이 스타트업 미디어 플랫폼 유니콘팩토리]
14,"“불확실성 커지는 상황, 침착하게 때를 기다려야”",2023.10.07,주간동아,염승환 이베스트투자증권 이사 “포트폴리오 일부 고배당주로 재편 바람직”“굉장히 답답한 장을 몇 달 더 견뎌야 하는 상황이 펼쳐졌다고 봐야 한다. 2018년에도 미국 연방준비제도이사회(연준)가 고집을 부리면서 기준금리를 계속 올리는 바람에 시장이 발작을 일으켰다. 그러다 2019년 대세 상승장이 한 번 왔다. 내년에 강세장이 올 수 있지만 그 과정이 순탄하지만은 않을 것 같다.”염승환 이베스트투자증권 이사는 9월 22일 시장 상황을 이같이 진단했다. 장기적으로는 경제 상황이 점차 개선되리라 전망하지만 한동안 부침이 이어질 수 있다는 것이다. 전날 연준은 연방공개시장위원회(FOMC) 정례회의를 통해 2024년 말까지 기준금리 5%를 유지할 계획임을 밝히며 시장에 충격을 안겼다. 코스피와 코스닥은 10월 4일 올해 고점 대비 각각 9.8% 15.8% 하락했다.염승환 이베스트투자증권 이사. [조영철 기자]“직구 예상했는데 커브볼 던져”8월을 기점으로 시작된 하락장이 두 달이 지나도록 멈추지 않고 있다. 내년 기업 실적에 대한 의문이 커지는 가운데 미국 국채금리발(發) 충격이 더해지면서 혼란은 깊어지고 있다. 미국 재무부 역시 3분기 역대 최대 규모인 1조70억 달러 (약 1330조 원) 상당의 국채를 발행할 계획임을 밝히며 채권금리 상승을 부추겼다. 미국 10년물 국채금리는 10월 4.8%를 돌파하며 글로벌 금융위기 직전인 2007년 이후 가장 높은 수준을 기록한 상태다. 국채금리가 오르면 회사채 금리 등도 따라 올라 기업의 자금조달이 어려워진다.불확실성이 커지는 상황 염 이사는 적극적인 매매보다 시장을 지켜보면서 침착하게 때를 기다릴 것을 주문했다. 부동산 프로젝트파이낸싱(PF) 리스크 등이 해소되지 않은 만큼 금리인상 시그널을 기다려야 한다는 것이다. 포트폴리오 역시 일부는 그간 주가가 상승하지 못한 배당주와 내년 호실적이 예상되는 기업들로 재편할 것을 권했다. 다음은 염 이사와 나눈 일문일답.9월 FOMC 정례회의를 어떻게 봤나.“직구를 예상했는데 느린 커브볼이 날아온 당황스러운 상황이다. 최근 미국 경제지표에서 약간 다운되는 모습이 나타난 만큼 경제 전망 역시 밋밋하게 나오니 않을까 예상했는데 정반대 공이 던져졌다. 기준금리 점도표가 상향 조치됐고 미국 경제성장률 전망치마저 올라갔다. 즉 연준이 ‘기준금리를 인하할 생각이 없다’는 모습을 보인 것이다. 연준은 고금리 상황이 지속되면 경기가 악화된다는 사실을 누구보다 잘 알지만 그럼에도 물가를 확실하게 잡겠다는 의지를 나타냈다. 내년 금리가 1%가량 낮아지리라는 기대감이 컸는데 이번 FOMC로 무산됐다. 오히려 ‘연말에 금리를 한 번 더 인상할 수 있다’는 가능성까지 제기된 상태다. ‘경기가 한 번 휘청거려야 금리를 인하할 것 같다’는 시각이 퍼지면서 시장에 부담이 되고 있다.”시장에 조정이 지속되고 있다. 연착륙 전망도 수그러들고 있는데.“현재 미국 기준금리가 5.25~5.50%로 굉장히 높다. 경기에 부담이 될 수밖에 없다. 연준이 경제성장률 등에서 자신감을 피력하지만 어느 순간 180도 바뀐 스탠스를 취할 수도 있다. 미국에서 10월부터 학자금대출 상환도 시작된다. 미국 경제가 경착륙까지는 아니더라도 둔화되는 흐름은 나올 수밖에 없다. 그럼 증시는 또 불안감에 휩싸이며 흔들릴 것이다. 하지만 긴 호흡으로 보자면 금리가 꺾여야 한다. 금리가 꺾인 후에야 강세장이 오기 때문이다.”7월 인터뷰 이후 시장 전망에 변화가 있었나.“결국 목표를 향해 순탄하게 가느냐 한 번 휘청거리고 가느냐의 차이다. 주식시장은 9월 하락 이후 V자 반등이 나타나기 어려울 것 같다. 내년에 한 번 더 랠리가 있을 것으로 보이지만 그 과정까지 변동성도 커질 전망이다. 적극적으로 매매하기보다 금리가 꺾인다는 시그널이 확실히 보일 때까지 한두 달 정도 시장을 지켜보면서 차분히 대응할 필요가 있다.”“韓 내수기업 문제 생길 것으로 보여”미국 경기가 좋다 보니 미국발 고금리가 장기화될 전망이다. 한국 경제가 장기간 고금리를 버틸 수 있을까.“당연히 불편하다. 다만 수출기업은 괜찮다고 본다. 고금리가 이어진다는 것은 그만큼 미국 경기가 단단하다는 얘기다. 소비가 완전히 꺾이지 않았다는 의미이기도 하다. 반도체 기업의 경우 업황이 이미 바닥을 찍었다. 수출기업은 현금 흐름만 좋다면 충분히 버틸 수 있다. 다만 국내 소비가 위축될 수밖에 없는 상황이라 내수기업은 문제가 생길 것으로 보인다. 게다가 건설사의 부동산 PF 리스크가 완전히 해소된 것이 아닌 만큼 관련 우려도 여전히 남아 있다. 지난해와 다른 점도 있다. 중국인 관광객이 한국을 방문하고 있다는 사실이다. 이들이 국내에서 어느 정도 소비를 해준다면 금리 상승 여파가 완화될 수 있다. 중국 경제가 조금씩 돌아서고 있고 부동산 부양책이 나오고 있다는 것도 차이점이다. 지난해와 달리 완충제 역할을 할 부분들이 나오고 있는 만큼 한국 경제가 심각한 피해는 입지 않을 것으로 보인다.”고금리 시기에 맞춰 투자전략을 수립할 때 주의할 점이 있다면.“자산이 많은 투자자라면 예금이나 채권투자도 좋다고 생각한다. 고금리 상황이지만 내년이면 미국 경기가 꺾이고 금리도 떨어질 것이기 때문이다. 다만 개인투자자 다수는 주식투자도 빠듯하다. 자산배분이 쉽지 않은 만큼 주식에만 집중하길 권한다. 올해 고배당주 가운데 주가가 오르지 못한 기업이 많다. 포트폴리오 일부를 이들 기업으로 옮기는 것도 한 방법이다. 지금처럼 주가가 급락했을 때 내년에 상황이 좋아질 것으로 기대되는 회사 주식들을 일단 모으는 것이다. 주식에 투자할 자금도 부족한 상황에서 남들이 채권에 투자한다고 따라서 투자할 필요는 없다. 보유한 일부 종목의 주가가 많이 올랐다고 판단되면 고배당주로 포트폴리오를 재편하는 것이 더 바람직하다.”전방위적으로 주가가 하락했다. 최근 투자 매력도가 상승한 섹터가 있나.“두 달 전만 해도 주가가 많이 올라 부담스러운 부분이 있었는데 지금은 투자 매력도가 상승하고 있다. 우선 내년까지 업황이 좋아질 것으로 기대되는 산업에 주목했으면 한다. 당연히 반도체 업종이 괜찮아 보인다. 유기발광다이오드(OLED) 산업도 괜찮은 것 같다. 올해 OLED 산업이 굉장히 안 좋았다. 여기서 더 나빠지기도 쉽지 않아 보인다. 향후 자동차에 OLED가 본격적으로 들어가는 만큼 관련 업황이 개선될 것으로 전망한다. 자동차의 동력원이 배터리로 바뀌고 있고 동시에 내부 시스템도 교체되면서 자율주행 산업이 부상하고 있다. 이와 관련해서는 테슬라가 답을 제시하고 있다.”하반기 하락장이 이어지면서 개인 투자자들이 불안해하고 있다. [동아DB]“성장주 수주 이력 있는 기업 선택해야”테슬라가 제시한 답은 무엇인가.“테슬라의 자율주행차는 카메라를 이용해 움직인다. 전장부품 가운데 카메라와 연관된 기업들이 있을 것이다. 카메라를 만드는 기업은 물론 영상 화질을 올리는 기업 카메라 관련 칩을 만드는 반도체 기업도 있다. 내년 시장 상황을 그려본다면 자율주행차 산업 쪽이 성장주 가운데 가장 좋지 않을까 싶다. 테슬라와 현대차 등 많은 기업이 자율주행차를 출시할 계획인 만큼 모멘텀도 있다.”보텀업(Bottom-Up) 전략이 중요한 시기다. 성장주에 투자할 때 중요 기준이 있다면.“산업이 개화하는 시기다. 대중화된 산업이 아니라서 (실적 등) 숫자가 잘 나오기는 쉽지 않다. 다른 부분을 봐야 한다. 성장 산업 내에서 핵심 장비나 소재를 만드는 기업을 선별하는 것이 중요하다. 자율주행차 산업을 예로 든다면 테슬라에 카메라를 납품하는 기업이 가장 좋다. 테슬라처럼 굉장히 큰 고객사를 가졌거나 진입장벽이 높은 산업에 뿌리내린 기업이 괜찮다. 확실한 레퍼런스 즉 관련 수주 이력을 가진 기업을 찾아볼 것을 권한다. 단순히 남들이 추천한다고 따라 사면 안 된다.”*유튜브와 포털에서 각각 ‘매거진동아’와 ‘투벤저스’를 검색해 팔로잉하시면 기사 외에도 동영상 등 다채로운 투자 정보를 만나보실 수 있습니다.
15,"테슬라, 美서 모델3·모델Y 판매가격 인하…가격전쟁 다시 불붙나",2023.10.07,블로터,테슬라가 미국에서 모델3와 모델Y 일부 모델의 가격을 인하했다. 이번 가격 인하는 테슬라 판매량이 지난 3분기에 둔화한 것으로 확인된 후에 이뤄진 것이다.(사진=테슬라)6일(이하 현지시간) 테슬라 웹사이트에 따르면 모델3 시작가는 3만8990달러로 이전의 4만240달러에서 낮아졌다. 모델3 롱레인지 버전은 4만5990달러로 기존 4만7240달러에서 인하됐다. 모델3 퍼포먼스는 5만3240달러에서 5만990달러로 내려갔다.테슬라는 모델3 스포츠유틸리티(SUV) 퍼포먼스 가격은 이전의 5만4490달러에서 5만2490달러로 낮췄다. 이번 가격 인하로 모델3와 모델Y의 가격은 이전에 비해 2.7~4.2% 낮아졌다. 이번 할인이 테슬라가 시장 예상치에 못 미치는 3분기 인도량을 발표한 후에 이뤄진 만큼 수요 둔화 우려가 재점화되고 있다. 테슬라는 지난 2일 지난 3분기에 43만5059대를 인도했다고 발표했다. 이는 월가 애널리스트 전망치를 하회하는 것이며 2분기 인도량 대비 7% 감소한 것이다. 테슬라는 올여름 공장 업그레이드에 따라 생산 규모가 줄어서 인도량에도 영향을 줬다고 설명했다. 또한 연간 생산량 목표치는 기존의 180만대를 유지했다. 지난해부터 고금리로 미국 경제와 노동시장이 둔화되면서 전반적인 자동차 구입 비용이 상승했고 전기차 수요에도 영향을 미쳤다. 이런 가운데 전기차 경쟁이 치열해지자 테슬라는 수요를 자극하기 위해 지난해 말부터 가격을 여러 차례 인하했다. 특히 미국과 중국 등 주요 시장에서 가격을 여러 번 내렸다 다시 올리기도 했다. 현재 모델3 가격은 연초 대비 약 17% 낮으며 모델Y 롱레인지 버전은 약 26% 인하됐다. 미국의 인플레이션감축법(IRA)에 따른 세액공제 혜택까지 고려하면 모델3 가격은 33% 모델Y 롱레인지 가격은 39% 각각 낮아졌다. 테슬라의 가격 할인은 마진율에 영향을 준다. 테슬라의 순익마진율은 지난해에 약 17%였는데 월가에서는 올해 10% 수준으로 떨어질 것으로 예상하고 있다. 내년에는 15%로 다시 오를 것으로 전망된다.퓨처펀드 공동 설립자이자 테슬라 투자자인 게리 블랙은 간밤의 가격 인하로 테슬라 매출에서 12억달러가 희생됐다고 지적했다. 이날 뉴욕증시에서 테슬라는 0.18% 오른 260.53달러에 마감했다. 가격 인하 소식에 테슬라는 장 초반 3% 이상 급락했지만 이후 뉴욕증시 상승세에 낙폭을 좁혔다.테슬라 주가는 올해 들어 약 110% 상승했지만 지난 3개월 동안 6% 하락했다. 테슬라는 오는 18일 장 마감 후 3분기 실적을 발표한다.
16,"뉴욕 주가, 고용 서프라이즈에도 상승 마감… 이유는",2023.10.07,조선일보,미국의 ‘고용 서프라이즈’에도 6일(현지 시각) 뉴욕증시가 일제히 상승했다. 고금리 장기화 가능성이 커졌음에도 경기가 하강하지 않는 노랜딩(no-landing·무착륙)에 대한 기대감이 형성됐기 때문인 것으로 보인다.미국 뉴욕증권거래소에서 트레이더가 일하는 모습./AP 연합뉴스이날 뉴욕 증시에서 S&P 500(+1.18%)과 나스닥(+1.6%) 다우존스지수(+0.87%)는 모두 상승세를 보였다. 주요 종목들을 보면 메타(3.49%) 넷플릭스(2.39%) 알파벳(2.01%) 아마존(1.59%) 애플(1.48%) 테슬라(0.18%) 등의 주가가 일제히 상승했다. 개장 전 미국 노동부가 9월 신규 일자리가 예상치(17만개)를 크게 웃도는 33만개라고 발표했음에도 주가가 비교적 높은 상승세를 보인 것이다. 고용 시장이 견고하면 물가 상승세를 더 확실히 잡기를 원하는 미국 연방준비제도(Fed·연준)가 현재(연 5.25~5.5%)의 고금리를 더 길게 유지하거나 금리를 추가로 인상할 가능성이 높아진다. 따라서 주식시장에는 큰 악재(惡材)다. 하지만 뉴욕증시는 이를 이겨내고 상승 마감했다.최근 16년 만에 최고 수준으로 치솟은 미국 10년 만기 국채 금리도 고용지표 발표 직후 고금리 우려에 연 4.8%를 넘어 4.9%선에 가까워지기도 했다. 하지만 이후 다소 안정을 되찾아 현재(미국 동부 기준 오후 5시)는 4.804%까지 떨어진 상태다.미국 뉴욕증시가 큰 악재에도 반등한 이유에 대해 블룸버그는 “생각보다 매우 강력한 노동시장으로 미국 경제가 침체에 빠지지 않을 것이란 낙관론이 급부상했기 때문”이라고 평가했다. 미국 웰스매니지먼트 닉 아쿠마키스 사장은 블룸버그에 “신규 일자리가 예상보다 강력했지만 넓게 보면 이것은 경제에 좋은 징조”라며 “미국 경기가 침체에 빠지지 않고 연착륙할 가능성이 크다는 신호”라고 말했다.지난달 신규 일자리 수는 크게 늘었으나 인플레이션에 큰 영향을 주는 임금 상승률(전년 대비)은 오히려 둔화했다는 점도 뉴욕증시가 상승 마감하는데 영향을 줬다는 분석이 많다. 지난달 시간당 평균 임금은 전년 대비 4.2% 상승했다. 지난 8월 상승률이 4.3%였던 점을 감안하면 소폭 둔화한 셈이다. 연준은 금리를 가파르게 올리는 상황에서도 임금이 계속 크게 올라 고민이 많았는데 이번에는 달랐던 것이다. 미국의 시간당 임금 상승률은 지난 4~7월 4개월 연속으로 4.4%를 유지하다가 지난 8월(4.3%)과 9월(4.2%) 2개월 연속 하락했다. 닉 아쿠마스 사장은 “만약 강력한 신규 일자리 수와 함께 임금 상승률도 높았다면 주식시장에 원투 펀치가 됐을 것”이라고 말했다.미국 기준금리 예측 모델인 시카고상품거래소(CME) 페드워치툴에 따르면 이날 기준 11월 미 연준이 금리를 동결할 가능성은 전날보다 높아지고 금리를 올릴 가능성은 낮아졌다. 임금 상승률 둔화 등이 영향을 준 것으로 보인다. 지난 5일에는 금리 동결 가능성이 79.9%였으나 이날은 10%포인트 가까이 상승한 88.8%를 기록하고 있다. 0.25%포인트 금리 인상 가능성도 20.1%에서 11.2%로 크게 낮아졌다.
17,"테슬라, 美서 가격 인하…모델3, 5260만원부터",2023.10.07,서울경제,3분기 인도량 부진하자 최대 300만원 내려AP연합뉴스[서울경제] 테슬라가 미국에서 모델3 모델Y 등 주력 차종의 가격을 최대 300만원 인하했다. 지난 분기 차량 판매가 예상에 못 미치자 내린 결정으로 보인다. 6일(현지 시간) 테슬라 웹사이트를 보면 모델3 기본 모델의 시작가는 3만 8990달러(약 5260만 원)로 이전보다 1250달러(168만원) 내렸다. 모델3의 롱레인지 퍼포먼스 가격도 4만 7240달러 5만 3240달러에서 각각 1250달러 2250달러(약 303만 원) 인하됐다. SUV인 모델Y도 5만 2490달러(약 7081만 원)로 2000달러(약 272만 원) 내렸다. 이번 가격 하락 비율은 기존 차 값의 2.7~4.2%에 해당한다. 테슬라의 가격 인하는 지난 3분기 차량 인도량이 시장 예상에 못 미쳤다는 발표 이후 나온 것이다. 테슬라는 지난 2일 보고서에서 7~9월 43만 5059대의 차량을 인도했다고 밝혔다. 이는 시장 예상(46만 1000대) 보다 부진한 것이다. 테슬라는 지난해 말부터 세계 시장에서 잇따라 가격을 인하했다. 고금리와 고물가로 소비자들이 지출을 줄인 데다 중국산 전기차의 공습 등 글로벌 전기차 시장의 경쟁이 치열해졌기 때문이다. 이날 뉴욕증시에서 테슬라 주가는 약 1% 하락했다.
18,"뉴욕증시, ‘고용 서프라이즈’에도 상승…나스닥 1.6%↑[투자360]",2023.10.07,헤럴드경제,10년물 국채금리 4.86%까지 상승했다가 진정[연합][헤럴드경제=윤호 기자]뉴욕증시는 9월 비농업 고용이 예상치를 크게 웃돌았다는 소식에 초반 하락세를 보였으나 이내 상승세로 전환해 마감했다.6일(미 동부시간) 뉴욕증권거래소(NYSE)에서 다우존스30산업평균지수는 전장보다 288.01포인트(0.87%) 오른 3만3407.58로 거래를 마쳤다.스탠더드앤드푸어스(S&P)500지수는 전장보다 50.31포인트(1.18%) 상승한 4308.50으로 나스닥지수는 전장보다 211.51포인트(1.60%) 오른 1만3431.34로 장을 마쳤다.투자자들은 9월 비농업 고용과 미국 국채금리 움직임을 주시했다.노동부가 발표한 미국 9월 비농업 부문 고용은 33만6000명 증가해 월스트리트저널(WSJ)이 집계한 전문가들의 예상치인 17만명 증가의 거의 두 배 수준을 기록했다.9월 고용은 지난 12개월 동안의 월평균 고용인 26만7000명도 크게 웃돌았다.직전 두 달인 8월과 7월 수치도 각각 22만7000명 23만6000명으로 상향 수정돼 총 11만9000명 상향 조정됐다.9월 실업률은 3.8%로 직전월과 같았으며 시장이 예상한 3.7%를 0.1%포인트 웃돌았다.시간당 임금은 전달보다 0.2% 오르고 지난해 같은 기간보다 4.2% 올랐다. 이는 모두 시장이 예상한 0.3% 상승과 4.3% 상승을 밑돈 것이다.고용 지표 발표 직후 10년물 국채금리는 13bp 이상 올라 4.86%까지 상승했다. 2년물 국채금리도 한때 5.2%까지 올랐다. 30년물 국채금리도 5%를 넘어섰다.채권금리는 가격과 반대로 움직인다. 지표 강세에 올해 금리 인상 가능성은 커지고 내년 금리 인하 가능성은 더욱 뒤로 밀리면서 채권 금리가 오르고 채권 가격은 하락했다.다만 이후 금리 급등세가 진정되면서 주가는 상승 반전했다. 채권금리는 오름폭을 초반보다 낮추며 마감했다. 낙폭 과대에 따른 저가 매수세와 이번 고용 호조에도 연준의 연내 금리 인상에 대한 신중론이 강화되면서 주가는 반등했다.골드만삭스는 이날 고용 호조에도 금리 인상이 끝났을 가능성이 크다는 전망을 유지했고 캐피털 이코노믹스도 장기 수익률의 상승이 금융환경을 상당히 긴축시키고 있다는 점에서 연준의 인상이 끝났다고 주장했다. JP모건은 여전히 11월과 12월 금리 인상 가능성이 아슬아슬한 상황이라고 말했다.오는 9일 예정된 채권시장의 휴장으로 금리 위험이 일시 해소될 것이라는 안도감도 주식 매수를 견인했다. 9일 콜럼버스의 날을 맞아 채권시장이 휴장하지만 주식시장은 정상 운영될 예정이다.S&P500지수 내 필수소비재를 제외한 10개 업종은 모두 올랐다. 기술과 통신 유틸리티 산업 헬스 관련주가 모두 1% 이상 상승했다. 테슬라의 주가는 회사가 미국에서 판매되는 모델3와 모델Y의 가격을 인하했다는 소식에도 0.2%가량 올랐다.시카고상품거래소(CME) 페드워치에 따르면 연방기금(FF) 금리 선물 시장에서 마감 시점 연준이 11월에 금리를 동결할 가능성은 68.1%를 0.25%포인트 금리를 인상할 가능성은 31.9%를 기록했다.
19,[타볼레오]차덕후는 알아본다…아이오닉5N의 진가를,2023.10.07,아시아경제,고성능 전기차 시장 생태계 파괴자650마력에 제로백은 3.4초전기차에서 내연기관 엔진 팝콘소리내연기관 같은 가짜 변속기 탑재2.2t 육중한 덩치에도 날렵한 코너링‘차덕후(자동차 애호가)가 알아본 차. 자동차에 미친 사람들이 만든 차. 서킷에서 진가를 발휘하는 전기차.’현대자동차 고성능 전기차 아이오닉5 N의 수식어입니다. 업계 관계자 입장에서 바라보면 아이오닉5 N은 일종의 ‘생태계 파괴자’입니다. 포르쉐 전기 스포츠카 타이칸 GTS가 598마력에 1억8000만원대 테슬라의 모델X 듀얼모터가 670마력에 1억2000만원대 포드의 머스탱 마하 E GT 모델이 480마력에 8000만원대(미국 가격)부터 시작합니다. 반면 현대차 아이오닉5 N은 650마력에 7600만원이죠. 브랜드 가치와 마케팅 비용을 고려한다고 해도 큰 가격 차이입니다. 현대차는 왜 남지도 않을 장사를 하는 걸까요? 현대차의 가격 전략이 틀린 걸까요?결론부터 말씀드리자면 아닙니다. 현대차가 아이오닉5 N을 내놓은 목적이 수익성 확보가 아니기 때문이죠. 접근 방식부터 다릅니다. 현대차는 이 차를 브랜드 기술력을 보여주는 일종의 ‘양산형 콘셉트카’로 생각했습니다. 따라서 현존하는 모든 첨단 기술을 쏟아부었고 운전자가 누릴 수 있는 옵션도 최대로 넣었죠.서킷 위를 달리는 현대차 아이오닉5 N[사진=현대차]전기차 시대로 접어들면서 글로벌 완성차 업계엔 지각변동이 일어났습니다. 수십년간 내연기관 엔진에서 우월한 기술력을 보유한 독일·일본 브랜드의 순위가 뒤처지고 한국·중국 브랜드에서 전기차 신흥 강자가 나왔죠. 전기차 순위 상위권에 진입한 현대차도 ‘한 번 해볼 만하다’는 생각을 했을 겁니다. 현대차는 대외적으로 전기차 기술력의 현주소를 보여줄 집약체를 만들었습니다. 바로 아이오닉5 N입니다.참고로 아이오닉5 N은 일반 도로에선 그저 평범한 전기 스포츠유틸리티차(SUV)일 뿐입니다. 서킷 위에 올라야 그 진가를 발휘하죠. 지난달 20일 충청남도 태안에 위치한 HMG 드라이빙 익스피리언스 센터에서 아이오닉5 N을 시승해봤습니다.아이오닉5 N 인테리어[사진=현대차]-운전석에 앉아보니 어떻던가요?▲운전석에 앉아보면 일단 가운데 커다란 고성능 N 마크가 있는 운전대가 눈에 띕니다. 버튼이 많아서 게임기 같아요. 각종 버튼을 누르면서 운전자가 다양한 모드나 기능들을 직접 컨트롤하라는 겁니다. 계기판에 모터·배터리 온도 차체의 쏠림 정도나 방향까지 실시간으로 볼 수 있도록 했고요. 메인 디스플레이에는 가속·브레이크 페달을 밟는 정도까지 표시해줍니다. 자동차 애호가들은 지금 내가 타고 있는 차의 상태가 어떤지 실시간으로 확인하면서 타고 싶어합니다. 아이오닉5 N은 차량의 모든 정보를 표시해 주기 때문에 차와 내가 한 몸이 돼 움직이는 것 같은 느낌을 받을 수 있어요.현대차 아이오닉5 N 계기판. N모드로 진입하면 모터·배터리 온도나 쏠림 방향이나 정도까지 나타낸다.[사진=우수연 기자]-직접 운전을 해본 소감은요?▲아이오닉5 N은 최고 출력이 650마력 제로백(정지 상태에서 시속 100㎞까지 가속하는 데 걸리는 시간)은 3.4초입니다. 국산차 중 가장 빠르죠. 고성능 배터리를 장착했기에 힘 있는 고속 주행이나 총알같이 튀어 나가는 토크는 어찌 보면 당연합니다. 하지만 코너링에서 민첩한 움직임은 전기차인지 내연기관차인지 헷갈릴 정도였습니다. N 페달 기능을 활용해 코너링하면 브레이크를 최소한으로 사용하고도 날렵한 코너링이 가능했습니다. 아이오닉5 N은 앞·뒷바퀴의 토크 배분을 운전자 마음대로 할 수 있습니다. 한 대의 차로 전륜·후륜·사륜구동차를 모두 타볼 수 있도록 했다는 의미죠.-가장 인상 깊었던 기능은요?▲아이오닉5 N은 전기차인데도 내연기관 엔진에서 들어볼 법한 팝콘 소리가 납니다. ‘전기차로 내연기관차와 같은 운전의 즐거움을 구현한다’는 것이 이 차의 콘셉트입니다. 전기차 특유의 조용하고 무거운 주행이 아니라 시끄럽고 날렵한 주행도 가능하다는 얘기에요.아이오닉5 N은 주행 중 3가지 사운드를 선택할 수 있습니다. 내연기관 엔진소리를 그대로 구현한 이그니션 고성능 전기차 소리를 내는 에볼루션 제트기 소리를 내는 슈퍼소닉 중 한 가지를 선택하면 됩니다. 개인적으로는 그르렁대며 팝콘 소리를 내는 이그니션 사운드가 가장 좋았습니다.서킷 위를 달리는 현대차 아이오닉5 N[사진=현대차]또 내연기관의 변속기를 그대로 구현한 ‘N e-쉬프트’ 기능도 탑재됐는데요. 회생제동을 사용하는 전기차는 변속기가 없습니다. 하지만 현대차는 아이오닉 5 N에 일종의 ‘가짜 변속기’ 기능을 넣었습니다. 내연기관차처럼 변속 충격을 주기도 하고 엔진 회전수가 높아지면 연료 공급을 차단하는 ‘퓨얼컷’까지 구현해냈습니다. 이 기능들을 보면서 단순히 고성능 전기차를 만든 게 아니라 자동차 애호가들이 가지고 놀 수 있는 거대한 장난감을 만들었다는 생각이 들었습니다.드리프트 시험을 하는 현대차 아이오닉5 N[사진=현대차]-전기차로 드리프트 해봤나요?▲수많은 고성능 전기차 시승을 해봤지만 전기차로 드리프트를 시도해본 건 이번이 처음입니다. 아이오닉5 N에는 일반 운전자도 쉽게 드리프트를 할 수 있는 ‘N 드리프트 옵티마이저’ 기능이 탑재됐습니다. 젖은 노면 위에서 한쪽으로 원을 그리다 운전대를 확 꺾어주니 액셀에서 발을 살짝 떼는 것만으로도 드리프트가 가능했습니다. 보통 배터리 무거운 전기차로는 드리프트가 불가능하다는 생각을 많이 하는데요. 아이오닉5 N은 아예 드리프트 최적화 기능을 넣어놨다는 점에서 놀라웠습니다. 한참 서킷 주행을 하고 드리프트까지 했는데도 배터리 온도는 영상 26도를 유지하고 있었다는 점도 인상적이었습니다.-어떤 사람에게 추천하고 싶나요?▲게임을 하듯이 운전을 즐기고 싶은 사람에게 추천합니다. 또한 친환경 패밀리카를 찾고 있는데 주말엔 서킷에서 레이싱도 즐기고 싶다 하는 분들도 생각해볼 만합니다. 다만 드리프트 최적화 기능이나 급출발 기능 등은 서킷에서만 사용해야겠죠. 아이오닉5 N의 가격은 세제 혜택 후 7600만원 보조금까지 받으면 서울시 기준 7200만원대에 살 수 있습니다.
20,"“지금이 금리 정점” 나스닥 반등… “오픈AI, 자체 AI칩 개발 추진” [美 증시 & IT]",2023.10.07,디지털데일리,[디지털데일리 박기록 기자] 6일(현지시간) 미국 증시는 시장예상치를 뛰어넘는 9월 비농업 고용율이 발표되면서 장초반 하락세로 출발했고 미국 10년물 국채금리도 또 다시 2007년 이후 최고치를 경신하는 등 불안한 모습이 나타났지만 이후 오름폭이 둔화되면서 3대 주요 지수가 상승으로 전환 마감했다.이날 다우존스30산업평균지수는 전장대비 0.87% 오른 3만3407.58로 스탠더드앤드푸어스(S&P)500지수는 1.18% 상승한 4308.50으로 종료했다. 기술주 중심의 나스닥지수는 1.60% 오른 1만3431.34로 장을 마쳤다.비록 고용지표가 시장예상치를 상회했지만 더 이상 미 연준(Fed)이 추가로 금리를 인상하지 않을 것이란 월가의 전망이 힘을 받으면서 증시 분위기가 반전됐다. 고금리 장기화가 악재이긴하지만 사실상 지금이 금리의 정점으로 보는 시각이 커지고 있는 것이다. 최근 미국의 장기 국채금리의 급등이 지속되면서 더 이상 미 연준이 금리 인상을 고집할 수 없는 상황에 이르렀다는 현실론이 고개를 들고 있다는 분석이다.이날 장 시작전 미 노동부가 발표한 9월 비농업 부문 고용은 33만6000명으로 시장예상치인 17만명을 대폭 상회했다. 여전히 고용 시장이 탄탄하다는 의미다.또 9월 실업률도 3.8%로 시장예상치(3.7%)를 살짝 웃돌았으나 사실상 완전고용 상태가 이어지고 있는 것이다.전기차 대표주인 테슬라는 이날 웹사이트를 통해 미국 시장에서 주력인 모델3과 모델Y 가격을 인하했으나 주가는 0.18% 소폭 상승한 260.53달러로 마감했다.전날 15억 달러 규모의 전환사채 발행 발표로 인해 22%나 급락했던 리비안은 이날 3.56% 반등했다.반도체 대표주인 엔비디아(+2.40%)와 AMD(+4.21%)도 강세로 마감했다.이날 로이터는 업계의 정통한 소식통을 인용해 생성형AI인 ‘챗GPT’의 개발사인 오픈AI가 자체 AI칩 제작을 검토하고 있다고 보도해 주목을 끌었다.오픈AI가 자체 칩 제작을 검토하는 주된 이유로 고성능 AI칩의 공급사인 엔비디아에 대한 의존도 낮추기로 분석됐다. 즉 현재 전세계 AI칩의 80%를 공급하고 있는 엔비디아외에 공급선을 다변화하겠다는 의도다. 상황은 다르지만 애플 아마존 등도 자체 칩 제작을 시도하는 이유와 유사하다.‘챗GPT’를 원활하게 구동하기위해서는 고성능 AI칩의 역할이 필수적인데 현재로선 엔비디아외에 다른 대안이 없으며 중장기적으로 이는 오픈AI에게 또 다른 리스크가 될 수 있다는 점에서 내린 결정이란 해석이다.또한 AI칩 비용 문제도 이같은 결정을 내린 배경으로 분석됐다. 마이크로소프트가 후원하는 오픈AI는 지난 2020년부터 엔비디아의 GPU 1만개를 기반으로 작용하는 슈퍼컴을 통해 생성형AI 기술을 개발했다.그러나 향후 생성형AI 서비스의 상용화가 높게 진행될수록 고성능 AI칩 구매에 막대한 비용이 소요될 것이란 우려가 제기됐고 이 때문에 자체 칩 개발을 통해 대응책을 마련하겠다는 것이다.
21,"테슬라, 미국 판매 가격 인하...한국서도 내릴까?",2023.10.07,문화일보,COMMONWEALTH 테슬라 로고. 로이터 연합뉴스  테슬라가 미국에서 모델3와 모델Y 등 일부 모델의 가격을 최대 300만 원 내렸다. 기대에 못 미치는 저조한 3·4분기 출하성적 공개 뒤 실적만회를 위해 다시 가격 전쟁에 나선 것이란 해석이 나온다. 국내 판매 가격 인하로 이어질지에도 관심이 쏠리고 있다. 6일(현지시간) 테슬라 웹사이트에 따르면 모델3 기본 모델의 시작가는 4만240달러에서 3만8990달러로 1250달러(168만 원) 내려갔다.롱레인지 모델3와 모델3 퍼포먼스는 4만7240달러와 5만3240달러에서 각각 1250달러 2250달러(303만원) 인하됐다.테슬라는 또 SUV인 모델Y 가격을 5만4490달러에서 5만2490달러로 2000달러(272만 원) 내렸다. 모델3와 모델Y는 테슬라 차량 중 가장 대중적인 모델로 이번 가격 하락 비율은 기존 차값의 2.7∼4.2%에 해당한다.이번 가격 인하는 지난 3분기 테슬라 인도량이 시장 예상치에 미치지 못했다는 발표 이후 나왔다. 테슬라는 지난 2일 공개한 보고서에서 7∼9월 3개월간 모두 43만5059대를 인도했다고 밝혔다. 이는 지난 2분기의 차량 인도량 46만6140대 대비 7% 감소한 규모로 팩트셋이 집계한 시장 전망치(46만1000대)도 하회했다. 테슬라는 올해 전체 자동차 판매량 목표치를 180만대로 잡고 있다. 이날 뉴욕 증시에서 테슬라 주가는 전날보다 약 1% 하락했다.
22,LG家 상속 소송 본격 시작 外[금주의 산업계 이슈],2023.10.07,뉴시스,[서울=뉴시스] 최진석 기자 = 서울 여의도 LG트윈타워에 LG깃발이 휘날리고 있다. 2023.07.27. [서울=뉴시스]유희석 기자 = 하범종 LG 사장 구본무 선대회장 유지 담긴 메모에…구광모 LG그룹 회장과 그의 모친·여동생간 상속 회복 청구 소송이 본격 시작된 가운데 지난 5일 하범종 ㈜LG 경영지원부문장(사장)이 증인으로 참석해 고 구본무 선대회장이 장자인 구광모 회장에게 본인의 경영 재산을 모두 주라는 유지를 남겼고 이를 정리한 메모도 있었다고 밝혔다.구 회장 측은 이날 재판에서 김 여사의 서명이 담긴 각종 서류들을 공개하면서 김 여사가 충분히 상속 관련 절차에 참여했다고 주장했다. 이에 대해 세 모녀 측은 당일 제출된 증거여서 검토할 시간이 부족하다는 입장을 밝혔다.[서울=뉴시스] 이재용 삼성전자 회장이 1일(현지시간) 사우디아라비아 서북부 타북주(州)에서 삼성물산이 참여하는 네옴(NEOM) 신도시의 지하 터널 공사 현장을 점검하고 있다. (사진=삼성전자) 2023.10.02.  *재판매 및 DB 금지이재용 올해도 보름달 대신 현장 경영…중동 3개국 돌았다이재용 삼성전자 회장이 올해도 명절 연휴를 이용한 현장 경영에 나섰다. 지난 2일 삼성에 따르면 이 회장은 올 추석에는 사우디아라비아와 이스라엘 이집트 등 중동 3개국을 찾아 현장의 임직원들을 격려하고 새로운 사업 기회를 모색했다.이 회장은 삼성을 본격적으로 이끌기 시작한 2014년부터 명절마다 해외 사업장을 찾아 현지 사업을 점검하고 글로벌 기업 CEO들과 비즈니스 미팅을 소화하는 등 10년째 명절 글로벌 현장 경영을 이어오고 있다.[포항=뉴시스] 안병철 기자 = 7일 오후 포스코 포항제철소 본사 앞에서 한국노총 금속노련 포스코노동조합 등 조합원 2000여 명이 모인 가운데 쟁의대책위원회 출범식을 가졌다. 2023.09.07.  임단협 또 결렬…창사 첫 파업 위기 심화포스코 노사의 임금·단체 협약 교섭이 결렬되며 창사 55년 만의 파업 위기가 본격화할 전망이다. 포스코는 지난 5일 진행된 제24차 본교섭에서 ▲기본급 9만2000원 임금인상 ▲주식 400만원 무상 지급 등의 내용을 담은 3차 제시안에 더해 현금 150만원을 추가 제시안으로 내놓았으나 노조가 거부했다.포스코 노조는 파업 본격화를 위해 중앙노동위원회에 조정을 신청할 예정이다. 조정 기간을 거친 뒤 전 조합원을 대상으로 쟁의행위 찬반 투표를 진행한다는 방침이다. 투표 결과에 따라 파업 여부가 결정된다.[산타클라라(미 캘리포니아주)=AP/뉴시스]2011년 1월12일 미 캘리포니아주 산타클라라의 인텔 본사에 인텔 로고가 붙어 있다. 미국과 중국 간 긴장이 고조되는 가운데 54억 달러(7조2225억원) 규모의 인텔의 이스라엘 칩 제조업체 타워 반도체 인수가 중국의 승인 거부로 무산됐다. 2023.08.16.인텔 프로그래밍 가능 칩 사업부 분사…IPO 추진미국 반도체 기업 인텔이 반도체 왕국 재건을 향한 공격적인 경영 전략을 실행에 옮긴다. 인텔은 내년 자사 사업부 중 하나인 프로그래밍 가능 칩 부문(Programmable Solutions Group·PSG)을 분사하기로 했다. 업계에서는 인텔이 반도체 등 핵심 역량이 집중하는 한편 자금 확보에 나선 것으로 긍정적으로 평가하고 있다.또 첨단 반도체 생산에 필요한 극자외선(EUV) 기술을 적용한 차세대 공정으로 반도체 양산도 본격화 할 계획이다.[서울=뉴시스] 현대자동차의 전용 전기차 아이오닉 5와 아이오닉 6가 미국 캘리포니아주 샌클레멘테에 있는 테슬라 슈퍼차저에서 충전하고 있다. (사진=현대차 미국판매법인 제공) 2023.10.06  *재판매 및 DB 금지현대차·기아 북미 테슬라 충전동맹 동참…슈퍼차저 쓴다현대차와 기아가 북미에서 판매되는 전기차에 테슬라의 충전 규격인 북미충전표준(NACS)를 채택하기로 했다. 오는 2024년 4분기부터 미국에서 판매되는 모든 현대차그룹 전기차에 NACS를 단독으로 장착하고 캐나다에서 판매되는 전기차에는 2025년 1분기부터 적용한다.현대차·기아는 현재 북미에서 판매하는 전기차에 미국의 표준 충전방식인 CCS(Combined Charging System)를 적용하고 있다. 그러나 이번 결정으로 CCS 어댑터는 사라지고 NACS 어댑터가 적용된다. 기존 CCS가 적용된 전기차 고객들에게는 2025년 1분기부터 테슬라의 전기차 충전시설 슈퍼차저를 이용할 수 있는 NACS 어댑터를 무상으로 제공할 방침이다.[서울=뉴시스] 테슬라코리아가 후륜구동(RWD) 방식의 전기 스포츠유틸리티차(SUV) 모델 Y를 국내 공식 출시했다. (사진=테슬라코리아 제공) 2023.07.14  *재판매 및 DB 금지우려가 현실로…중국산 테슬라 전기차 보조금 싹쓸이테슬라가 중국 상하이에서 생산한 전기차가 가격 경쟁력을 앞세워 수입 전기차 판매 1위에 올랐다. 테슬라는 국고보조금을 최대한 받을 수 있게 출고가를 낮게 책정해 국내 전기차 수요를 대거 흡수했다. 이 때문에 테슬라 모델Y가 혈세로 지원하는 국고 보조금 대부분을 싹쓸이하고 있다. 특히 한국 배터리 업계를 위협하는 중국 CTAL이 이 보조금의 최대 수혜주라는 지적이다. 지난달 모델Y가 지원받은 전기차 보조금 규모만 최소 300억원에 육박할 것으로 추산된다．
23,"뉴욕증시, 채권금리 진정에 상승 마감…애플 1.48%·테슬라 0.18% ↑",2023.10.07,더팩트,다우지수 0.87%·S&P500 1.18%·나스닥 1.6% 상승미국 뉴욕증시가 장 초반 고용이 예상보다 잘됐다는 소식에 금리상승 걱정이 확산하며 주가 하락세가 나타났지만 막판에 상승 반전했다. /뉴시스뉴욕증시가 9월 비농업 고용이 예상치를 크게 웃돌았다는 소식에 초반 하락했지만 막판 채권금리의 상승이 진정하는 모습에 상승 전환한 뒤 마감했다.6일(현지시간) 뉴욕증권거래소(NYSE)에서 우량주 중심의 다우존스30 산업평균지수는 전 거래일보다 0.87%(288.01포인트) 오른 3만3407.58에 마감했다.대형주 위주인 스탠더드앤드푸어스(S&P)500지수는 전 거래일 대비 1.18%(50.31포인트) 상승한 4308.60을 기술주 중심의 나스닥 지수는 전날보다 1.60%(211.51포인트) 오른 1만3431.34에 거래를 마무리 지었다.이날 시장은 미국의 9월 비농업 고용 지표와 국채금리 움직임에 요동쳤다.미국 노동부는 지난 9월 비농업 부문에서 새 일자리가 33만6000개 생겼다고 밝혔다. 이는 시장 예상치인 17만 개보다 두 배 가량 높은 결과다. 고용이 늘어나는 것이 경기가 개선된다는 신호로 해석되고 이는 다시 중앙은행인 연방준비제도(Fed)의 추가 긴축으로 이어질 수 있다는 우려가 시장에 퍼졌다.고용 지표 발표 직후 미국 채권금리도 상승세를 보였다. 고용지표 발표 직후 미국 10년물 국채금리는 13bp 이상 상승해 4.86%까지 올랐으며 2년물 국채금리도 5.2% 30년물 국채금리도 5%를 돌파했다. 일반적으로 중앙은행의 금리가 오르면 주식의 대체자산인 채권의 수익률이 높아지면서 시장 자금은 채권으로 몰리고 증시는 하락하게 된다.다만 장 후반부터는 금리 급등세가 진정되면서 주가는 상승 반전했다. 여기에 낙폭 과대에 따른 저가 매수세가 유입되고 고용 호조에도 연준의 연내 금리 인상에 대해 신중히 결정할 것이란 의견도 강화된 점도 주가 상승을 뒷받침했다. 이와 함께 오는 10월 9일 ;콜럼버스의 날을 맞아 채권시장이 휴장해 금리 위험이 일시적으로 해소될 것이라는 점도 주식 매수를 견인했다.이날 S&P500 지수 11개 업종 가운데 필수소비재(-0.48%)를 제외한 대부분의 업종이 상승했다. 특히 기술(1.94%)과 커뮤니케이션 서비스(1.82%) 유틸리티(1.37%) 산업(1.33%) 등이 크게 올랐다.주요 종목을 살펴보면 애플은 1.48% 메타 3.49% 알파벳 1.86% 등 주요 기술주들이 대거 상승하는 모습이었다. 테슬라는 0.18% 올랐으며 리비안(3.56%) 등 전기차 업종도 강세를 보였다.특히 시추업체 파이어니어 내추럴 리소시스는 엑손모빌이 인수 합의 직전이라는 소식이 전해지며 10% 이상 상승했다.전문가들은 11월 연준의 금리 동결에 대한 기대감이 커 증시도 상승세를 나타낼 것이라 관측했다.무디스의 이코노미스트 단테 드안토니오는 임금 인상률과 실업률은 연준의 금리 인상을 막을 수 있는 충분히 좋은 소식이라며 9월 고용 보고서를 소화한 뒤 연준이 무엇을 할지에 대한 시장의 기대가 약간 바뀌었지만 여전히 11월 금리가 동결될 것이라는 강한 기대가 있다고 분석했다.발로 뛰는 더팩트는 24시간 여러분의 제보를 기다립니다.▶카카오톡: 더팩트제보 검색▶이메일: ▶뉴스 홈페이지: http://talk.tf.co.kr/bbs/report/write
24,[배터리완전정복]⑥갑자기 나타난 '중국의 배터리 킹'들,2023.10.07,아시아경제,편집자주지금은 배터리 시대입니다. 휴대폰·노트북·전기자동차 등 거의 모든 곳에 배터리가 있습니다. [배터리 완전정복]은 배터리에 대해 알고 싶어하는 일반 독자 학생 배터리 산업과 관련 기업에 관심을 가진 투자자들에게 배터리의 기본과 생태계 기업정보 산업 흐름과 전망을 알기 쉽게 전달하기 위해 만든 코너입니다. 매주 토요일에 여러분을 찾아갑니다.기술 설명은 그만 됐습니다.2017년 어느 날 독일 자동차 기업 다임러AG(현 메르세데스 벤츠) 그룹 임원 3명이 중국 남동부 푸젠성에 있는 한 벤처기업을 방문했다. 담당자가 나와 회사 제품에 대한 설명을 시작하자마자 독일에서 온 임원들은 짜증스럽게 얘기했다. 우리는 다른 선택지가 없어서 여기에 왔습니다. 가격이나 얘기해보시죠. 벤처기업 담당자는 당황하지 않을 수 없었다. (월스트리트저널 2019.9.3 기사 재구성)다임러 그룹 임원들이 방문한 곳은 다름 아닌 지금 세계 1위 배터리 기업으로 성장한 CATL( 닝더스다이)이었다. 이들은 왜 이렇게 CATL 직원에게 무례한 행동을 보였을까? 2011년에 설립한 한 작은 벤처기업이 세계 배터리 시장을 석권할 수 있었던 비밀이 그 속에 숨어 있다.무섭게 커버린 中 배터리 기업들2010년 초·중반대까지만 해도 세계 배터리 시장은 한국과 일본이 점령하고 있었다. 중국이 배터리 시장에 본격적으로 진입한 것은 1995년이다. 지금은 세계 전기차 시장에서 테슬라와 자웅을 겨루고 있는 비야디(BYD)가 설립한 해다. 그 뒤로부터 16년이 흘러서야 CATL이 등장했다. 일본과 한국 기업의 그늘에 가려 존재감이 없던 두 회사는 2010년 중반 이후 급성장하더니 지금은 전 세계 전기차 배터리 시장의 절반을 공급할 정도로 규모가 커졌다.시장조사업체 SNE리서치에 따르면 2022년 기준 전 세계 전기차 배터리 시장에 CATL의 점유율은 37.0% BYD는 13.6%였다. 두 회사만 합쳐 50.6%의 점유율을 기록한다. 이외에도 CALB(중촨신항 3.9%) 궈시안하이테크(Guoxuan 2.7%) 선와다전자(Sunwoda 1.8%) 파라시스에너지(Farasis 1.4%) 등 세계 10위권 안에 6개의 중국 업체가 포진해 있다. 이중 CALB는 2015년에 설립한 기업으로 업력이 불과 7년 남짓하다.중국 배터리 기업들이 이처럼 짧은 기간에 급성장할 수 있었던 것에 대해 현지 매체나 미디어들은 창업자들의 혁신 마인드를 강조한다. 일부에서는 테슬라 창업자인 일론 머스크와 이들을 비교하기도 한다. 하지만 중국 정부의 전기차 육성 전략과 자국 기업 보호 정책 그리고 거대한 내수 시장이 없었다면 이같은 놀라운 성장이 불가능했을 것이라는 사실을 부인할 수는 없다.中 배터리 킹의 탄생BYD는 1966년생인 왕촨푸 회장이 설립한 회사다. 매우 가난한 어린 시절을 보낸 왕촨푸는 형제들의 희생과 지원 속에 명문대학인 중난대학 야금물리학과에 입학할 수 있었다. 그는 집안의 기대를 한 몸에 받았고 이에 부응했다. 왕촨푸는 4년 동안 수석을 놓치지 않을 정도로 우수한 학생이었다고 한다. 베이징 유색금속연구원에서 석사를 마친 그는 27세의 젊은 나이에 연구원 산하의 비거(比格)배터리유한회사의 사장에 발탁됐을 정도로 실력을 인정받았다.당시는 전 세계적으로 막 휴대폰 시장이 개화하던 시기였다. 중국도 마찬가지였다. 사치품으로만 여겨졌던 휴대폰이 빠르게 대중화됐다. 왕촨푸는 휴대폰 배터리 시장의 가능성을 포착하고 1995년 비야디 회사를 설립했다. 이때부터 그는 시대의 흐름을 잘 포착했던 것 같다.왕촨푸는 세계 배터리 생산 대국인 일본이 니켈카드뮴 배터리를 포기하는 것을 보며 배터리 주요 생산지의 국제 대이동을 반드시 실현하겠다고 다짐했다고 한다. 배터리는 마침 그의 전공과도 맞아 떨어져 잘 할 수 있을 것 같았다. 사촌 형으로부터 빌린 돈 250만 위안(약 4억6000만원)과 직원 20여명으로 시작한 BYD는 2년 만에 자체적으로 리튬이온배터리를 생산했다. 원가 경쟁력을 앞세워 고객사를 넓혀나가던 BYD는 2000년과 2002년에 각각 모토로라와 노키아의 배터리 공급사로 선정되면서 성장의 기반을 다질 수 있었다. 2002년 7월 홍콩 증시에 상장한 데 이어 2003년엔 세계 2위 휴대폰 배터리 공급사로 부상했다. 이즈음부터 중국인들은 그를 배터리 왕(Battery King)으로 추켜세우기 시작했다.왕촨푸 BYD 회장성공적인 기업 공개로 왕 회장은 16억 홍콩 달러(약 2780억원)의 여유 자금을 모을 수 있었다. 미래 투자처를 고민하던 그가 선택한 것이 자동차다. 배터리에서 자신감을 얻은 왕 회장은 전기차 시장에서도 성공 방정식을 새로 쓰고 싶어 했다. 그리고 2003년 1월 국영기업이었던 시안친촨자동차유한회사의 지분 77%를 2억7000만 위안(약 501억원)에 인수하겠다고 발표한다.친촨자동차 회사는 명색이 국영기업이었지만 파산 직전 상태였다. 투자자들은 아연실색했다. 다들 그를 미쳤다고 생각했다. 발표 당일 BYD 주가는 21% 폭락할 정도로 반응이 좋지 않았다.우려대로 BYD의 초기 자동차 사업은 적자를 면치 못했다. 배터리에서 번 돈을 모두 자동차에 쏟아부어야 했다. 2003년부터 2008년까지 BYD의 매출액 대비 이익률은 21.7%에서 6.1%까지 떨어졌다.그런데도 왕 회장은 자동차에 대한 의지를 꺾지 않았다. 왕 회장은 2003년부터 500명의 인력을 투입해 신에너지 자동차(친환경 자동차의 중국식 표현. 순수 전기차와 하이브리드 자동차를 포함) 배터리 연구 개발에 착수했다. 10억 위안(약 1842억원)의 비용이 투입됐다.2005년 중형 세단 F3(연료차)의 판매가 호조를 보이며 자동차 사업은 점차 안정을 되찾았다. 그리고 5년만인 2008년 중국 최초 플러그인 하이브리드 전기차인 F3DM을 출시하며 전기차 시장에 본격적으로 발을 들여놓았다. 오마하의 현자라고 불리는 워런 버핏 버크셔 해서웨이 회장이 2억3000만달러를 투자해 BYD의 지분 9.9%를 확보한 시점도 이때다.워런 버핏의 결정에 전 세계가 의아해했지만 결과적으로 그는 현자가 맞았다. BYD는 2011년 순수 전기차인 SUV(스포츠유틸리티차량) E6를 시작으로 전기차를 잇달아 선보였다. 2015년엔 중국 전기차 시장 점유율 17.5%를 차지하는 등 급성장했고 지금은 전 세계 전기차 시장에서 테슬라와 어깨를 나란히 하고 있다.워런 버핏 버크셔헤서웨이 회장(사진 우측)과 기념품을 주고받는 왕촨푸 BYD 회장BYD 전체 매출에서 배터리 등 정보기술(IT) 부품이 차지하는 비중은 2005년 90%에서 2009년 47%로 줄었다. 반대로 2009년 전기차 매출 비중이 53%로 IT 매출을 추월했다. 배터리에서 전기차 기업으로 성공적으로 변신한 것이다.배경 요인은 여러 가지로 분석된다. 왕 회장의 경영 능력을 인정하지 않을 수 없다. IT 혁명이 모바일을 거쳐 전기차로 이어지는 시대의 흐름을 잘 포착했다. 배터리라는 기업의 핵심 역량을 중심으로 사업을 다각화하고 수직적으로 통합해 규모의 경제를 이끌어냈다. 마침 중국이 고속성장하는 시기였고 내수 시장도 풍부해 성공의 밑거름이 됐다.하지만 중국 정부의 전폭적인 지원이 없었다면 이같은 성공은 불가능했다. 중국 정부는 2012년 6월 에너지 절감 및 신에너지차 산업발전계획(2012~2020)을 통해 전기차 사업을 집중 육성하겠다고 발표했다. 가장 큰 수혜자는 전기차 선두업체였던 BYD였다. BYD는 중국 정부의 중점 지원 대상으로 선정돼 정부 구매 금융지원 보조금 등 각종 혜택을 받았다. 그해 9월 BYD의 E6 모델은 중국 정부 공무원 전기차 시범 운영 모델로 선정돼 전체 정부 구매량의 50%를 차지할 정도였다.중국 정부가 나서 외국 기업의 시장 진입도 막아줬다. 중국 정부는 2015년 일명 화이트리스트(White List) 제도를 만들었다. 정부가 선정한 현지 배터리 제조사의 제품을 사용한 전기차에 보조금을 우선 배분한다는 내용이었다. 이때 LG화학 삼성SDI 파나소닉 등 글로벌 기업들은 화이트리스트에서 제외됐다.보조금을 받은 중국 전기차와 그렇지 못한 외국 자동차는 경쟁이 되지 않았다. 예를 들어 2017년 출시한 BYD의 EV 600 모델의 경우 보조금 적용 이후 가격은 26~36만 위안이었던데 비해 비슷한 기종인 테슬라 모델X의 출시 가격은 100만 위안이 넘었다.닝더의 왕이라고 불리는 사나이이 즈음 혜성처럼 나타난 기업이 CATL이다. CATL의 중국 명칭인 닝더스다이(寧德時代)는 닝더시대라는 뜻이다. 닝더는 중국 남동부 푸젠성의 소도시로 CATL의 창업자 쩡위췬이 태어난 곳이다. 현재의 CATL의 본사가 있다. 쩡위췬은 이곳에서 닝더의 왕으로 통한다.쩡위췬은 란커우라는 작은 시골 마을에서 농민의 아들로 태어났다. 어렸을 때부터 총명했던 그는 명문 상하이교통대 선박엔지니어 학과를 졸업했다. 학부 전공만 보면 그는 배터리와는 연관이 없어 보인다. 그의 첫 직장도 푸젠성 성도인 푸저우의 한 국유기업이었다. 이후 그가 입사한 곳이 일본의 전자부품 회사 TDK의 홍콩 자회사인 SAE다. TDK는 우리에게도 카세트테이프로 잘 알려진 회사다. 이곳에서 배터리 사업에 눈뜬 쩡위췬은 동료 엔지니어들과 함께 1999년 ATL(Amperex Technology Limited)이라는 회사를 세웠다. 사명인 암페렉스는 암페어(Ampere)와 엑설런트(excellent)를 합친 말이다.ATL은 미국 벨연구소로부터 리튬폴리머 특허 권한을 이전받아 상용화하는데 성공했다. 2000년대는 중국에서도 휴대폰이 불티나게 팔리던 때였다. 덕분에 ATL도 급성장했다. ATL이 주목을 받기 시작한 것은 2004년 애플에 배터리를 공급하면서부터다. ATL이 급성장했지만 한국과 일본을 따라잡기에는 자본과 인력이 부족했다. 쩡위췬 등 창업자들은 결국 2005년 친정인 TDK에 ATL의 지분을 팔기로 했다. 지문 매각 후에도 쩡위췬은 ATL에 경영진으로 남았다.쩡위췬의 성공 소식을 접한 닝더시 관료들이 그를 찾아 고향에 공장을 세울 것을 적극 설득했다고 한다. 그런 이유에서인지 2008년 ATL은 닝더시에 대규모 리튬폴리머배터리 공장을 건립하기도 했다. ATL 본사가 있는 홍콩과 닝더시는 지리적으로 매우 가까워 교류하기도 편했다.자신만의 회사를 갖고 싶어했던 쩡위췬은 TDK를 떠나 2011년 동료들과 함께 CATL(Contemporary Amperex Technology)을 따로 세웠다. 제2의 창업에 나선 것이다. 회사 이름에서 알 수 있듯이 ATL과 CATL은 초기에 자매 기업과 마찬가지였다. ATL의 기술 인력이 CATL로 많이 넘어왔다. 나중에 지분 관계가 정리됐지만 설립 당시 ATL이 CATL의 지분 15%를 보유하기도 했다. 양사는 소비재 배터리는 ATL이 전기차 배터리는 CATL이 맡기로 합의하면서 사업 중복 문제를 풀었다.쩡위췬 CATL 회장사업 초기에 CATL이 자리를 잡는데 닝더시의 도움을 받은 것으로 보인다. 닝더시가 속한 푸젠성은 시진핑 중국 국가주석이 1985년 샤먼시 부시장으로 부임한 이후 무려 17년간 고위공직자로 지냈던 정치적 고향이기도 하다. 다만 CATL의 성장에 시 주석이 어떤 역할을 했는지 공식적으로 알려진 바는 없다.리튬이온배터리라는 첨단 기술 분야로 CATL이 일본과 한국을 따라잡기는 쉽지 않았다. 이때 큰 역할을 한 것이 중국 정부의 천인계획(千人計劃 Chinese Talent Program)이다. 천인계획은 해외에 진출한 자국의 과학기술 인재들을 끌어들이려는 취지로 출발했지만 이후에는 자국민뿐 아니라 세계적인 과학자들을 영입하는 쪽으로 변색됐다. 이 계획을 통해 미국과 일본 한국의 과학자들이 중국으로 넘어갔다.천인계획의 일환으로 CATL로 영입된 대표적인 인물이 밥 갈옌(Bob Galyen)이다. 미국 제너럴모터스(GM)의 임원이자 배터리 전문가였던 밥 갈옌은 2019년 CATL의 최고기술책임자(CTO)로 스카웃됐다. 그 이외에 독일의 보쉬와 컨티넨탈 프랑스의 발레오 등의 엔지니어들이 CATL로 영입됐다. 한국의 삼성 LG의 엔지니어들도 고액 연봉을 받고 CATL로 많이 옮긴 것으로 알려졌다. 이 과정에서 국가 핵심 기술 논란이 일기도 했다.CATL도 역시 BYD와 마찬가지로 중국의 전기차 보조금 정책의 대표적인 수혜자다. 중국 배터리를 탑재해야 현지에서 보조금을 받을 수 있었기 때문에 유수의 글로벌 자동차들이 CATL을 찾아갔다. 당시만 해도 BYD는 자사 전기차 위주로 배터리를 공급했고 경쟁사에 배터리를 줄 이유가 없었다. 남은 선택지는 CATL이 거의 유일했던 것이다. 앞서 다임러 그룹 임원들이 CATL을 방문해 어쩔 수 없이 여기에 왔다고 짜증을 냈던 것도 이런 이유에서였다.CATL은 초기에는 니오 샤오펑 등 자국내 기업에 배터리를 공급하다 점차 글로벌 기업으로 고객사를 확대했다. 자사 전기차의 수직계열화에 집중했던 BYD와 달리 CATL은 BMW 폭스바겐 포드 등으로 영역을 넓혀나갔다. 그 결과 BYD를 따돌리고 중국뿐 아니라 글로벌 전기차 배터리 시장에서도 급성장할 수 있었다.ATL과 CATL은 여전히 긴밀한 관계를 유지하고 있다. 쩡위췬이 시작한 ATL은 이제 TDK 매출의 절반을 차지할 정도로 큰 비중을 차지하고 있다. ATL은 애플 제품에 소형 배터리를 공급하고 있으며 한때 삼성전자 스마트폰에도 배터리를 납품했었다. 하지만 전기차 시대를 맞아 승승장구한 CATL과 달리 ATL은 사업 영역이 소형 배터리에만 제한돼 있어 성장이 제약됐다. 뿌리가 중국 기업인 CATL이 중국 정부의 지원을 받을 수 있었던 반면 ATL은 일본 기업에 인수되면서 수혜를 받지 못했다는 점도 차이다.ATL은 2022년 CATL과 합작회사를 설립하며 이런 한계를 극복하고자 했다. 두 회사는 중국 푸젠성 샤먼 샤먼엠코어테크놀로지 샤먼앰팩테크놀로지라는 합작사를 설립했다. 두 회사는 가정용 에너지저장장치(ESS)와 전기 이륜차에 들어가는 배터리 개발에 집중하고 있다.갑툭튀 CALB중국의 배터리 시장은 1+1+N의 구조였다. CATL과 BYD의 빅2에 중소 기업들이 난립했다. 중국에는 60여개의 중소 배터리 기업들이 있는 것으로 파악된다. 그런데 양강 체제에 변화가 일고 있다. 신생 기업이나 마찬가지인 CALB가 급부상하고 있는 것이다.CALB는 글로벌 시장에서는 존재감이 미약하지만 이미 중국에서는 당당히 3위 자리에 올랐다. 중국자동차동력배터리산업창신연맹에 따르면 2023년 6월 기준 전기차용 배터리 탑재량 순위에서 CALB는 8.26%의 점유율로 CATL(43.4%) BYD(29.85%)에 이어 3위에 올랐다.류징위 CALB 최고경영자 (사진출처:바이두)2015년 설립된 CALB(China Aviation Lithium Battery)는 회사 이름에서 알듯이 항공기 관련 기업이 배터리 분야에 진출하기 위해 만든 회사다. 중국 항공 분야 방산 기업인 AVIC(Aviation Industry Corp of China 중국항공공업집단)가 장쑤성 창저우시 지방정부와 합작해 설립했다. AVIC의 자회사가 지분 10% 창저우시 정부가 30%를 보유하고 있다. 사실상 국유회사인 셈이다.이 회사는 2018년부터 전기차용 배터리 시장에 본격 진출해 급성장하고 있다. 지난해 10월에는 홍콩 증시에 성공적으로 상장했다. 당시 류징위 CALB 최고경영자(CEO)는 블룸버그와의 인터뷰에서 1년후 세계 전기차 배터리 시장에서 5위에 들고 3~5년 안에 3위가 되겠다는 포부를 밝히기도 했다. 중국 정부를 등에 업고 있는 만큼 이 말이 허언에 그치지 않을 수 있다. 1970년생인 류징위는 AVIC 출신으로 공상당위원회 서기이다.CALB는 초기에 CATL은 CALB가 자사 특허를 침해했다며 잇따라 특허 소송을 제기하는 등 견제에 나서고 있다.<참고문헌>최병헌 비야디의 다각화 전략 연구 2010조선일보 무섭게 크는 中 전기차 배터리… CATL 곧 파나소닉 제친다 2018. 3.24Nikkei Asia Battery Wars:Japan and Soth Korea Battle China for future of EVs 2018.11.14매거진한경 글로벌 업체 사활건 전기차 전쟁 2019.5.29WSJ The key to elecric cars is batteries. One Chinese Firm Dominates the industry. 2019.9.3KDB미래전략연구소 중국 전기차 1위 BYD 성공요인과 미래전략 2019도서출판 린 왕촨푸 혁신의 지혜 2021TDK 홈페이지
25,고용지표 충격딛고 상승…탄탄한 경제 낙관 커지나 [글로벌마켓 A/S],2023.10.07,한국경제TV,미국 뉴욕증시가 미 고용지표 강세로 인한 금리인상 우려를 딛고 장중 상승 반전했다.현지시간 6일 뉴욕 증권거래소에서 S&P500지수는 전날보다 1.18% 오른 4308.50을 기록했다.기술주 중심의 나스닥은 1.60% 올라 1만 3431.34 다우존스 산업평균지수는 0.87% 뛴 3만 3407.58에 마감했다.이날 미 증시는 개장 전 발표된 미 9월 보고서로 인해 롤러코스터같은 움직임을 보였다.미 고용부가 공개한 9월 비농업 일자리 수는 한 달간 33만 6천건 증가해 다우존스가 집계한 월가 평균 예상치인 17만 명을 웃돌았다. 9월 실업률은 3.8%로 전망치인 3.7%를 상회했다. 전체 취업가능 인구 가운데 노동시장 참여율은 62.8%로 전달과 동일한 수준을 유지했다.고용지표 발표 직후 미 10년물 국채금리는 장중 4.87%를 돌파하며 금융위기 당시 수준을 경신했으나 오후들어 상승폭을 줄였다. 이날 10년물 국채금리는 7.9bp오른  4.975% 2년물 국채금리는 5.6bp 상승한 5.081%를 기록했다.다만 채권금리 하락과 증시 반등에 대해 월가에서도 뚜렷한 이유를 내지 못하고 있다. 이번 주 S&P500지수는 고점 대비 8% 넘게 하락하면서 과매도 국면에 접어들어든 상태다.이런 가운데 채권 금리 상승세로 인해 월가의 비관론도 다시 고개를 들고 있다. 마르코 콜라노비치 JP모건 수석 전략가는 CNBC와의 인터뷰에서 지금 수준의 금리를 유지한다면 경기 침체를 피할 수 있을지 모르겠다면서 증시가 5~7% 오를 여력이 있을 수도 있지만 20% 하락할 가능성도 있다고 말했다.그렉 다코 EY 수석 이코노미스트는 시장은 9월 보고서에 흥분하고 있지만 연말 마이너스를 기록할 가능성도 배제하지 않고 있다며 12개월 내 경기침체 확률을 40%에서 50%로 높였다고 밝혔다.다만 제이슨 퍼먼 하버드대 교수는 높은 경제활동 참가율과 완만한 임금 상승 등 우리는 지속 가능한 고용환경에 있는 것 같다며 강한 고용이 낙관적인 지표라는 해석을 내놓기도 했다. 래리 서머스 전 재무장관도 블룸버그와 인터뷰에서 우리는 에너자이저 광고 속 토끼같은 경제를 갖고 있다며 최근 국채 매도세는 수요와 공급 불균형에 따른 것으로 금융 리스크에 대한 계획을 논의할 필요가 있다고 진단했다. 개별 종목 가운데 미국 최대 에너지기업인 엑슨 모빌은 셰일오일 3위 업체인 파이오니어 내추럴 리소스와의 합병이 임박했다는 소식으로 주가 영향을 받았다.파이오니어는 1997년 텍사스 퍼미안 분지에 기반해 성장한 셰일오일 생산기업으로 창업자인 스콧 셰필드 회장은 올해 은퇴 예정에 있다.600억 달러에 파이오니어 인수를 추진하고 있는 엑슨 모빌은 이버 합병을 포함해 2027년까지 셰일오일 생산량을 하루 100만 배럴까지 확장할 계획이다.2천년대 들어 최대 규모의 에너지기업 합병 소식에 파이오니어는 이날 하루 10.45% 올랐고 매수 주체인 엑슨모빌은 1.64% 하락했다.오마하의 현인 워런버핏이 보유하고 있던 휴렛패커드의 주식을 추가 매도하면서 지분율을 10% 이하로 낮춰 HP 주식이 이날 크게 흔들렸다.버크셔해서웨이가 증권거래위원회에 신고한 보고서에 따르면 지난 3일 기준 306만 7천주를 추가 매각해 지분율 9.9%로 낮아졌다.버크셔해서웨이는 지난해 4월 HP 주식 11%를 사들이며 투자를 시작했으나 1년 6개월 만에 2300만주를 매각하며 투자자들의 불안을 키웠다.또 오젬픽의 매출 증가로 인한 유통과 소비재 기업들의 실적 우려가 지속되면서 월마트 켈라노바가 하락세를 보였다.전날 월마트 북미 최고경영자는 익명 소비자 데이터를 분석한 결과 다이어트 치료제로 인해 장바구니 구매 단위가 다소 줄어들고 있다며 관련 영향이 실체화되고 있음을 시인했다.위고비로 다이어트에 성공했던 일론 머스크 테슬라 최고경영자도 이날 트윗을 통해 부작용이 없는 약은 없다며 비만으로 인한 건강 문제는 GLP-1  치료제 효능을 넘어서고 있다고 밝혔다. 소비와 매출 우려가 이어지며 월마트는 전날보다 1.68% 켈라노바는 0.41% 하락했다.
26,"아마존, 위성 인터넷 사업 위한 첫 시험 위성 2기 발사",2023.10.07,연합뉴스,프로젝트 카이퍼 일환…머스크의 스페이스X와 경쟁아마존 시험 위성 발사 모습[UPI 연합뉴스](샌프란시스코=연합뉴스) 김태종 특파원 = 위성 인터넷 사업을 추진 중인 세계 최대 전자 상거래 업체 아마존이 6일(현지시간) 시험 위성 2기를 발사했다.    아마존의 통신 시험 위성 2기는 이날 미 플로리다주 케이프 커내버럴 우주정거장에서 보잉과 록히드마틴의 합작법인인 유나이티드 론치 얼라이언스(ULA)의 아틀라스Ⅴ 로켓에 실려 발사됐다.    이번 시험 위성 발사는 아마존이 추진 중인 우주 인터넷 사업 프로젝트 카이퍼(Kuiper)의 일환이다.    프로젝트 카이퍼는 아마존이 향후 10년 안에 최대 3천236개의 위성을 쏘아 올려 위성 인터넷 사업을 한다는 계획이다.    이미 이 분야에 진출해 있는 일론 머스크 테슬라 최고경영자(CEO)의 우주기업인 스페이스X의 스타링크와 같은 사업이다.    프로젝트 카이퍼의 기술 담당 부사장인 라지예프 바디알은 성명을 통해 우리는 실험실에서 광범위한 테스트를 했고 위성 설계에 대한 자신감을 가지고 있지만 궤도상 테스트를 대체할 수 있는 것은 없다고 말했다.    아마존은 카이퍼 구축을 위해 100억 달러(13조5천억원) 이상을 투자하며 최근 플로리다에 1억2천만 달러(1천621억원)를 들여 발사 전 처리 시설을 착공했다.    아마존은 내년 말까지 위성 인터넷 서비스를 시작한다는 계획이어서 스페이스X와 치열한 경쟁을 예고하고 있다.    스페이스X는 2018년 첫 번째 테스트 스타링크 위성을 2019년 첫 번째 운영 위성을 각각 쏘아올린 후 자체 팰컨 로켓으로 5천개 이상의 위성을 발사했다.    아마존은 당초 지난해에 시험 위성 2기를 미국 스타트업인 ABL 스페이스 시스템의 로켓에 실어 발사할 계획이었으나 로켓 공급이 지연되면서 연기된 바 있다.     
27,"""타임머신 같이 생겼네""… ‘예약 200만대’ 사이버트럭 온다 [백수전의 '테슬람이 간다']",2023.10.07,한국경제,테슬라 사이버트럭이 온다제로백 2.9초… 슈퍼카보다 빠른 4t 픽업트럭최대 6t 견인 언덕서 포드 F-150도 끌고 가양산차 맞냐… 4년 전 공개 땐 디자인에 충격  고급식당 몰고 간 머스크 발렛파킹 거부당해사전예약 200만대… 품질 문제로 생산 늦어져전문가 올해 1000대 내년 10만대 생산 전망11월말 출시 행사 루머…  가격 6700만원 추정지난 8월 미국 텍사스주 오스틴에 있는 테슬라 공장 기가 텍사스에서 직접 사이버트럭을 운전하는 일론 머스크 CEO. /일론 머스크 X지난 1일(현지시간) 미국 캘리포니아주 팔로알토 시내의 한 교차로. 육중한 은빛 차량이 정지신호에 멈춰있습니다. 거대한 차체 큰 바퀴 스테인리스 강판 소재의 각진 이 차량은 SF영화에서 막 빠져나온 듯한 모습입니다. 픽업트럭인가요 장갑차인가요. 옆 차량 운전자가 신기한 듯 스마트폰을 꺼내 촬영하기 시작했습니다.10여 초가 흐르고 신호등이 파란불로 바뀝니다. 은빛 야수는 쏜살같이 도로를 박차고 나갑니다. 순식간에 저멀리 점이 돼서 사라졌습니다. 예상치 못한 ‘광속’에 촬영을 하던 이도 얼어붙었습니다.최근 실리콘밸리 도로에 출몰하는 이 미래형 픽업트럭은 테슬라의 일곱 번째 신차 사이버트럭입니다. 2019년 첫 공개 후 4년 만에 출시를 앞두고 있습니다. 일론 머스크 테슬라 최고경영자(CEO)는 지난 8월 X(옛 트위터)에 사이버트럭을 직접 운전하는 사진을 올리며 홍보전에 나섰습니다. 그는 지난달 미국을 방문한 베냐민 네타냐후 이스라엘 총리와 카타린 노박 헝가리 대통령을 사이버트럭에 태우기도 했습니다.이달 초 미국 캘리포니아주 팔로알토 도로에서 포착된 사이버트럭. /Levi Filippi 유튜브제로백 2.9초 ‘은빛 야수’ 픽업트럭은 미국인들이 사랑하는 차량입니다. 개인사업 DIY 레포츠 등 다목적 활용이 가능하고 세금 공제 혜택까지 있습니다. 자동차 매체 카앤드라이버에 따르면 픽업트럭은 지난해 미국 ‘베스트 셀링카’ 1~3위를 휩쓸었습니다. 1위는 부동의 포드 F-시리즈입니다. 이 시장에 도전장을 내민 게 테슬라 사이버트럭입니다.사이버트럭은 외형부터 강렬합니다. 머스크가 좋아하는 영화 <백 투 더 퓨처>의 타임머신 ‘드로리안’처럼 스테인리스 강판으로 제작됐습니다. 스페이스X의 초대형 로켓 스타십의 외장과 같은 소재를 씁니다. 차체는 방탄으로 9㎜ 구경의 총알도 막아냅니다(양산 차량의 유리는 방탄이 아닌 것으로 알려졌습니다). 머스크는 2020년 코미디언 제이 레노의 방송에 출연해 이를 자랑하기도 했습니다.“사이버트럭 끝내주지 않아요? 세상의 종말이 닥치면 이 차가 방탄인 걸 다행으로 생각할 겁니다. 테슬라는 종말 기술의 리더가 되고 싶어요”테슬라는 2019년 첫 공개 당시 사이버트럭을 △단일모터 △듀얼모터 △트라이모터 세 가지 트림으로 내놓을 것이라고 발표했습니다. 고성능 트림인 트라이모터의 제로백(정지 상태에서 시속 100㎞까지 걸리는 시간)은 2.9초. 초반 가속력이 웬만한 내연기관 슈퍼카를 압도합니다.2019년 일론 머스크 테슬라 최고경영자(CEO)는 미국 캘리포니아주 말리부의 한 고급 식당에 막 공개한 사이버트럭을 몰고 갔다. 한 번도 보지 못한 외계 차량에 놀란 발렛파킹 직원들은 팔짱만 낀 채 주차 대행을 거부했다. /langejanne X  F-150과 줄다리기 거뜬히 이겨 정확한 공차 중량과 배터리 용량은 공개되지 않았습니다. 자동차 분해 전문가 샌디 먼로 먼로앤드어소시에이츠 CEO는 사이버트럭의 무게가 4t에 가까울 것으로 전망했습니다. 루머에 따르면 배터리 용량은 120~140kWh로 추정됩니다. 테슬라의 대형 SUV인 모델X의 공차 중량은 2360㎏ 배터리 용량은 100kWh입니다. 넓직한 트럭 베드(짐칸)엔 콘센트가 탑재됐습니다. 전기 걱정 없이 하루이틀 정도 차박은 거뜬합니다.테슬라가 공개한 사이버트럭 캠퍼 버전. 운전자가 트럭 베드(짐칸)에서 편히 자고 쉴 수 있도록 텐트 모양의 지붕을 설치했다. 차량 끝엔 조리를 위한 인덕션 등이  탑재됐다. /테슬라2019년 테슬라는 사이버트럭이 픽업트럭의 대명사 포드 F-150과 줄다리기하는 영상을 공개했다. 당시 사이버트럭은 언덕에서 F-150을 끌고 올라가는 모습을 보였다. 포드는 불공정한 대결이라고 반발했지만 시합에 응하진 않았다. /테슬라핍업트럭인 만큼 견인 능력도 관심입니다. 테슬라는 트라이모터 트림이 최대 6350㎏을 끌 수 있다고 밝혔습니다. 2019년 테슬라는 픽업트럭의 대명사 포드 F-150과 사이버트럭이 줄다리기하는 영상을 공개한 바 있습니다. 당시 사이버트럭은 평지도 아닌 언덕에서 F-150을 질질 끌고 올라가 화제가 되기도 했습니다.◎ 테슬라 사이버트럭의 최근 루머- 모델S‧X보다 편안한 시트와 서스펜션- 에어 서스펜션 장착. 높낮이 조절 가능- 차량 중앙 문 유리가 열림. 방탄 유리 아님.- 트럭 베드에 키 174㎝ 남성이 다리 뻗고 누움- 120V‧240V 등 총 3개의 콘센트 탑재- 스페어 타이어 제공- 4년 전 공개일인 11월 21일 배송 행사 개최 머스크 “미래가 미래처럼 보이는 차” 사이버트럭은 언제부터 개발된 걸까요. 월터 아이작슨의 저서 「일론 머스크」에 따르면 아이디어 구상은 2017년부터였습니다. 테슬라의 수석 디자이너 프란츠 폰 홀츠하우젠과 머스크는 스페이스X 본사 뒤편의 디자인 스튜디오에서 앞으로 선보일 픽업트럭 디자인을 논의하곤 했습니다.머스크는 리들리 스콧 감독의 영화 <블레이드 러너>에 나올 것 같은 사이버틱한 차를 만들고 싶었습니다. 일부는 너무 미래지향적인 픽업트럭은 팔리지 않을 것이라고 반대했습니다. “대담해집시다. 사람들을 놀라게 하자고. 아무도 사지 않아도 상관없소. 나는 미래가 미래처럼 보이길 원합니다. 그러니까 개기지들 말라고”2019년 11월 미국 캘리포니아주 호손에 있는 테슬라 디자인센터에서 사이버트럭을 선보이는 일론 머스크 테슬라 CEO. /한경DB홀츠하우젠이 2019년 7월 ‘미래지향적인’ 사이버트럭 모형을 선보이자 머스크는 뛸 듯이 기뻐합니다. “바로 이겁니다! 기다릴 것도 없소. 석 달 뒤에 실물 공개합시다” 그렇지 않아도 디자인이 마음에 들지 않았던 엔지니어들은 아연실색했습니다. “시제품 제작에 보통 9개월이 걸립니다. 그때까진 불가능합니다”는 홀츠하우젠의 말에 머스크는 대꾸했습니다. “아니 할 수 있을 거요”테슬라에서 머스크 입 밖에 나온 말은 ‘반드시 실행돼야’ 합니다. 디자인 팀은 하루도 쉬는 날이 없이 24시간 밤낮으로 일해야 했습니다. 그해 11월 기어이 사이버트럭 시제품이 무대 위에 오릅니다. 차량 실물을 본 관객과 언론은 그야말로 충격에 빠졌습니다. 머스크는 행사가 끝난 뒤 사이버트럭을 몰고 인근 식당에 갔습니다. 생전 처음 본 거대한 ‘미래 차량’에 발렛파킹 직원들은 감히 손댈 생각도 못했습니다.  2019년 사이버트럭 공개 당시 차량의 유리 강도를 확인하기 위해 쇠구슬을 던진 프란츠 폰 홀츠하우젠 수석 디자이너. 모두의 예상과는 달리 창문은 퍽 소리를 내며 깨졌다. 홀츠하우젠은 물론 일론 머스크 CEO도 당황하지 않을 수 없었다. 이 사건은 사이버트럭을 상징하는 유머 소재가 됐다. /테슬라 “올해 1000대 내년 10만대 생산” 첫 공개 뒤 4년이 흘렀지만 사이버트럭에 대한 기대는 식지 않았습니다. 전기차 전문매체 인사이드EV에 따르면 사이버트럭의 사전 예약은 200만대에 달합니다. 예약 물량의 허수를 감안해도 당장은 나오는 족족 팔린다는 얘기입니다. 관건은 생산입니다. 이는 사이버트럭의 출시가 여러 차례 지연된 이유이기도 합니다.머스크도 지난 2분기 실적발표에서 사이버트럭 생산과 품질 관리의 어려움을 토로했습니다. 당시 그는 올해 차량을 인도하고 내년에 대량 생산할 예정이라고 밝혔습니다. 지난 8월 CNBC에 따르면 머스크는 테슬라 전 직원에 이메일을 보내 “금속의 직선 모서리를 가진 사이버트럭은 작은 치수 변화도 확연하게 드러난다”며 “모든 부품은 오차 0.001㎜ 미만의 정확도로 제작돼야 한다”고 품질 향상을 촉구했습니다.미국 텍사스주 오스틴에 있 테슬라 기가팩토리 직원들이 지난 7월 첫 번째로 생산된 사이버트럭 앞에서 기념 촬영을 하고 있다. /테슬라가격도 관심사입니다. 전문가들은 사이버트럭이 5만달러(약 6700만원) 미만으로 출시할 것으로 보고 있습니다. 지난 7월 포드가 전기차 F-150 라이트닝의 시작 가격을 4만9995달러로 최대 17% 인하한 게 그 이유입니다. 가격 정보를 파악한 포드가 테슬라의 추격을 염려해 선수 쳤다는 얘기입니다.임은영 삼성증권 연구원은 ‘테슬라 분석가’ 트로이 테슬라이크(Troy Teslike)의 전망을 토대로 올해 사이버트럭 생산량을 1000대 정도로 예상한다고 밝혔습니다. 그는 “테슬라가 협력사에 사이버트럭 부품 1만대분을 주문했다”며 “양산이 본격화되는 내년엔 10만대 생산을 전망한다”고 말했습니다.▶‘테슬람이 간다’는2020년대 ‘모빌리티 혁명’을 이끌어갈 테슬라의 뒷이야기를 풀어갑니다. 최고의 ‘비저너리 CEO’로 평가받는 일론 머스크도 큰 탐구 대상입니다. 국내외 테슬라 유튜버 및 트위터 사용자들의 소식과 이슈에 대해 소개합니다. 아래 기자 페이지를 구독하면 매주 기사를 받아볼 수 있습니다.
28,"테슬라, 가격전쟁 재개...모델3·Y 美 판매가격 인하",2023.10.07,파이낸셜뉴스,[파이낸셜뉴스]   테슬라가 6일(현지시간) 모델3 모델Y 미국내 판매가격을 인하하면서 가격 전쟁을 재개했다. 5월 22일 캘리포니아주 롱비치 테슬라 매장에 모델3가 비를 맞으며 구매자를 기다리고 있다. 로이터연합  테슬라가 전기차 가격 전쟁을 재개했다.   기대에 못 미치는 저조한 3·4분기 출하성적 공개 뒤 미국에서 모델3와 모델Y 가격을 각각 인하했다.   6일(이하 현지시간) 외신에 따르면 테슬라는 후륜구동 모델3 가격을 4만240달러에서 3만8990달러로 낮췄다. 또 장거리 버전은 4만5990달러 퍼포먼스 버전은 5만990달러로 인하했다.   모델Y 역시 장거리 모델 가격을 5만490달러에서 4만8490달러로 내렸다. 퍼포먼스 버전 가격은 5만2490달러로 떨어뜨렸다.   가격 인하 소식에 테슬라 주가는 장 초반 급락했다. 전일비 4.90달러(3.61%) 급락한 250.65달러까지 밀렸다.   그러나 이후 뉴욕증시 상승세에 힘입어 낙폭을 좁힌 끝에 결국 0.48달러(0.18%) 오른 260.53달러로 거래를 마쳤다.   테슬라의 갑작스러운 가격인하로 수요 둔화 우려가 다시 불거졌다.   테슬라의 3·4분기 출하 규모가 약 43만5000대로 시장 전망치 45만5000대에 못 미친 것으로 2일 확인된 뒤 가격 인하가 뒤따랐기 때문이다.   시설 업그레이드에 따른 조업시간 단축으로 생산이 줄고 이에따라 출하 역시 감소했다고 테슬라가 설명하기는 했지만 기대 이하 출하 성적 뒤 수요 둔화 우려가 불거진 상태였다. 여기에 이번 가격 인하는 이같은 의구심에 쐐기를 박는 결정타 역할을 했다.   고금리와 이에따른 미 경제 노동시장 둔화는 소비자들의 구매력 감퇴를 부르고 있다. 전기차 전환이 대세라고는 하지만 여전히 고가인 전기차 수요에 부정적일 수밖에 없다.   테슬라가 그 대안으로 들고 나온 것이 가격인하다.   테슬라 후륜구동형 모델3 가격은 지난해 12월만 해도 4만7000달러부터 시작했지만 지금은 약 17% 낮아진 3만9000달러면 살 수 있다. 여기에 7500달러 세액공제 혜택을 더하면 가격은 약 3만2000달러 수준까지 떨어진다. 가격 하락폭이 33%에 이른다.   더 비싼 차종인 모델Y 장거리 4륜구동 버전은 지난해 12월 6만7000달러부터 시작하던 것이 지금은 28% 내린 4만8500달러로 떨어졌다. 세액공제 혜택을 더하면 4만1000달러 정도면 살 수 있어 가격 하락폭이 39%로 모델3보다 더 크게 할인됐다.   가격할인은 테슬라 순익에 충격을 주고 있다.   테슬라의 순익마진율은 지난해 약 17% 수준이었지만 올해는 10% 수준으로 떨어질 것으로 전문가들은 전망하고 있다. 내년에는 다만 15%로 다시 올라갈 것으로 예상된다.   테슬라는 오는 18일 증시 마감 뒤 3·4분기 실적을 공개한다.
29,"뉴욕증시, 일자리 급증에도 상승 마감...나스닥 1.6%↑",2023.10.07,한국경제TV,뉴욕증시는 고용지표가 예상치를 크게 웃돌았다는 소식에 초반 하락세를 보였으나 이내 상승세로 돌아선 뒤 큰 폭으로 오르며 마감했다.6일(미 동부시간) 뉴욕증권거래소(NYSE)에서 다우존스30산업평균지수는 전장보다 288.01포인트(0.87%) 오른 33407.58로 거래를 마쳤다. 스탠더드앤드푸어스(S&P)500지수는 전장보다 50.31포인트(1.18%) 상승한 4308.50으로 나스닥지수는 전장보다 211.51포인트(1.60%) 오른 13431.34로 장을 마감했다.이날 나온 고용 지표는 예상치를 웃돌았다. 노동부가 발표한 미국 9월 비농업 부문 고용은 33만6천명 증가해 월스트리트저널(WSJ)이 집계한 전문가들의 예상치인 17만명 증가의 거의 두 배 수준을 기록했다. 9월 고용은 지난 12개월 동안의 월평균 고용인 26만7천명도 크게 웃돌았다.그러나 9월 실업률은 3.8%로 직전월과 같았으며 시장이 예상한 3.7%를 0.1%포인트 웃돌았다. 임금 상승률도 둔화돼 시간당 임금은 전달보다 0.2% 오르고 지난해 같은 기간보다 4.2% 올랐다. 시장이 예상한 0.3% 상승과 4.3% 상승을 밑돈 것이다.고용 지표 발표 직후 10년물 국채금리는 13bp 이상 올라 4.86%까지 상승했다. 채권금리는 가격과 반대로 움직인다. 고용 지표 강세에 올해 금리 인상 가능성은 커지고 내년 금리 인하 가능성은 더욱 뒤로 밀리면서 채권 금리가 오르고 채권 가격은 하락했다.그러나 이후 금리 급등세가 진정되면서 주가는 상승 반전했다. 주가 반등은 낙폭 과대에 따른 저가 매수세와 이번 고용 지표에도 연준의 연내 금리 인상에 대한 신중론이 강화된 영향이었다. 오는 9일 예정된 채권시장의 휴장으로 금리 위험이 일시 해소될 것이라는 안도감도 주식 매수를 견인했다.골드만삭스는 이날 고용 호조에도 금리 인상이 끝났을 가능성이 크다는 전망을 유지했고 캐피털 이코노믹스도 장기 수익률의 상승이 금융환경을 상당히 긴축시키고 있다는 점에서 연준의 인상이 끝났다고 주장했다.S&P500지수 내 필수소비재를 제외한 10개 업종이 모두 올랐다. 기술과 통신 유틸리티 산업 헬스 관련주가 모두 1% 이상 상승했다.대형기술주는 일제히 올랐다. 메타는 3.49% 알파벳은 1.86% 애플은 1.48% 마이크로소프트가 2.47% 아마존이 1.59% 각각 상승했다.테슬라의 주가는 회사가 미국에서 판매되는 모델3와 모델Y의 가격을 인하했다는 소식에도 장 중반까지 하락했지만 후반에 상승하며 0.2%가량 올랐다.셰일오일 시추업체 파이어니어 내추럴 리소시스의 주가는 엑손모빌이 인수 합의에 거의 근접했다는 소식에 10% 이상 올랐다.필립스의 주가는 미국식품의약국(FDA)이 회사가 리콜한 수면무호흡증 치료기에 대한 추가 조사를 요구했다는 소식에 7% 이상 하락했다.전문가들은 이날 발표된 고용지표에 따라 연준의 추가 금리 인상 가능성이 높아질 것이라면서 국채금리가 주춤한 것이 시장 반등에 도움이 됐다고 분석했다. 또한 과매도 환경이 매수세를 촉발했다고 덧붙였다.바이탈 날리지의 애덤 크리사풀리 애널리스트는 보고서에서 33만6천명은 엄청나게 크며 연준이 쉽게 금리를 0.25%포인트 올리고 장기간 높은 수준에서 이를 유지하게 할 수 있다는 의미다라며 금리가 계속 오를 위험에 직면할 것이며 그렇게 되는 한 주식은 성공할 수 없다라고 말했다.베르덴스 캐피털 어드바이저스의 메건 호네만 최고투자책임자(CIO)는 CNBC에 10년물 금리가 4.8% 근방에서 약간 뒤로 밀리는 것을 보고 있고 있다라며 금리가 약간 뒤로 물러나면서 주식시장에 도움이 되고 있다라고 말했다. 그는 또한 우리는 최근 몇 주간 시장에서 상당한 약세를 목격했으며 일부 과매도 환경을 보았다고 말했다.(사진=연합뉴스)
30,"올해 투자자 95%가 물린 ‘배터리 주식’…‘세계 1위’ 러브콜이 ‘구조대’될까? [신동윤의 나우,스톡]",2023.10.07,헤럴드경제,[게티이미지뱅크 LG에너지솔루션][헤럴드경제=신동윤 기자] 작년 1월 27일. 상장과 동시에 국내 증시 역사의 한 페이지를 꿰찬 종목이 있습니다. 바로 코스피 시장 2차전지 ‘대장주’ LG에너지솔루션이 그 주인공입니다. 상장과 동시에 코스피·코스닥 시장을 통틀어 시가총액 2위 자리에 올랐다는 새 기록을 세웠던 것이죠.LG에너지솔루션의 등장은 단순 한 종목의 상장 이상의 의미를 지녔단 평가를 받습니다. 그동안 반도체 의존도가 높았던 한국 경제에 2차전지가 새로운 ‘미래 먹거리’란 점을 알리는 신호탄으로서 역할을 했던 것이죠. SK하이닉스를 시총 3위로 밀어내고 그 자리를 차지했다는 점이 이를 상징하는 한 장면입니다.국내 증시사(史)와 산업적 측면에서 크고 거창한 의미를 가지고 있는 LG에너지솔루션. 하지만 상장으로부터 약 1년 9개월이 지난 지금 LG에너지솔루션은 해당 종목에 투자한 주주들에게는 ‘고구마’를 100개는 먹은 듯한 기분이 들 정도의 답답함을 주는 종목으로 꼽히죠.美 IRA AMPC 수혜 기대감에 주가 ↑ LG에너지솔루션 역시 올해 국내 증시에 거세게 분 2차전지 투자붐의 수혜를 입었던 종목이라해도 부족함이 없습니다.한때 연간 수익률이 1000%가 넘을 정도로 비현실적으로 주가가 올랐던 에코프로 등 2차전지 양극재 관련 종목 정도는 아닐지라도 LG에너지솔루션 주가 역시도 올해 시작과 동시에 상승세를 타기 시작했습니다. 연저점(1월 5일·43만3500원) 대비 연고점(6월 12일·61만2000원)까지의 상승률은 41.18%에 이르렀고요.이 같은 주가 상승세를 이끌었던 원동력은 바로 미국 인플레이션감축법(IRA) 시행에 따른 수혜 기대감이 이끈 투심이었습니다. IRA 수혜주란 분석은 벌써 작년부터 나왔었지만 올 들어 LG에너지솔루션에 대한 투자자의 관심을 고조시킨 것은 바로 IRA 상의 ‘미국 내 배터리 생산 및 판매분에 대한 세액공제 지급’이란 세부지침 영문 약자로 AMPC가 공개됐다는 지점입니다.대신증권은 IRA의 AMPC 덕분에 LG에너지솔루션이 향후 3년간 최소 5조8000억원에 이르는 세액공제 효과를 누릴 것이며 이로 인해 영업이익이 큰 폭으로 늘 것이란 분석을 내놓기도 했습니다. 전창현 대신증권 연구원은 “세액공제 규모는 향후 법안의 세부지침 구체화 혹은 미국 내 판매량 증가에 따라 상향될 가능성도 존재하며 이는 추가 업사이드로 작용할 전망”이라고 평가했죠. AMPC 효과에 따른 미국 내 수익성 개선으로 현지 진출에 가속도가 붙고 신규 수주 확대로 연결될 것이란 ‘장밋빛’ 미래도 그렸고요.아직 현실에서 나타나지 않았을지라도 ‘기대감’은 주가 상승의 가장 훌륭한 자양분이라는 점은 주식 시장의 오래된 통념입니다. 오죽하면 ‘킹반영(왕을 뜻하는 King과 선반영의 합성어)’이란 말이 있을까요. LG에너지솔루션의 주가를 끌어올린 힘도 바로 이것이었습니다.2차전지 조정장세 직격탄…증권가 목표주가 줄하향 하지만 LG에너지솔루션은 7월 말부터 시작된 2차전지 조정장세의 직격탄 역시 피해가지 못했습니다.단기간에 주가가 급등한 탓에 밸류에이션에도 부담이 있을 수밖에 없었는데요. 이런 가운데 시장의 기대치를 밑돈 실적 둔화는 주가 하락세에 기름을 끼얹었습니다.지난 7월 27일 발표한 LG에너지솔루션의 2분기 영업이익은 전년 동기 135.5% 증가한 4606억원을 기록했습니다. 다만 전 분기(6332억원)과 비교하면 27.3% 하락한 수치였고요 증권사들이 제시했던 실적 컨센서스(6573억원)와 비교해서는 29.9%나 밑돌았습니다. IRA의 AMPC에 따른 예상 세액 공제 금액(1109억원)이 반영됐음에도 나온 실망스런 결과에 투심은 급격히 식었고 곧장 주가 하락으로 이어졌습니다.중국의 2차전지 셀 소재 기업들이 미국 시장 진출을 본격화하고 있다는 점도 LG에너지솔루션 주가엔 큰 리스크 요인입니다. 정원석 하이투자증권 연구원은 “당초 예상과는 달리 미국 시장 진입이 완전 차단될 것으로 보였던 중국 업체들의 미국 시장 진출이 본격화되고 있다는 점은 국내 2차전지 업종 주가에 부여돼 왔던 밸류에이션 프리미엄 축소 가능성이 발생한 것으로 판단된다”고 꼬집기도 했습니다.증권가에서도 삼성증권(74만→66만원) 다올투자증권(80만→70만원) 하이투자증권(77만→75만원) NH투자증권(80만→77만원) 등이 LG에너지솔루션에 대한 눈높이를 앞다퉈 낮춰 잡았습니다.[LG에너지솔루션]現주가 연저점과 불과 3만원 차이…연고점比 24.18% ↓ 당장 앞으로 다가온 3분기 실적에 대한 전망 역시도 LG에너지솔루션의 주가엔 그다지 긍정적이지 못한 상황입니다.연합인포맥스의 실적 추정치(컨센서스) 집계치에 따르면 LG에너지솔루션의 영업이익은 6744억원으로 추정됩니다. 하지만 증권가에선 기대치를 밑도는 성적표를 받을 것이란 전망에 힘이 실립니다.이용욱 한화투자증권 연구원은 “유럽 지역 수요 부진 테슬라의 라인 업그레이드 예상보다 더딘 (GM과 합작사인) 얼티엄셀즈의 램프업(생산량 확대) 등의 영향으로 출하량 증가 폭이 더딜 것”이라고 분석했습니다. 여기에 리튬 등 원재료 가격 급락 역시 악재로 작용한다는 것이죠.이 사이 LG에너지솔루션의 주가는 지난 6일 종가 기준 46만4000원까지 내려섰습니다. 연저점과 격차는 3만500원에 불과한 수준이죠. 연고점 대비 24.18%나 주가가 떨어진 상황이기도 합니다.이 과정에 올해 LG에너지솔루션 주가를 매수한 개미(소액 개인 투자자) 대부분이 손실 구간에 놓여있는 것으로 나타나기도 했습니다.헤럴드경제가 대신증권 홈트레이딩시스템(HTS) ‘사이보스5’를 통해 LG에너지솔루션에 대한 주식 거래를 15개 주가 구간으로 구분해 분석했는데요. 6일 종가가 포함된 구간(45만7300~46만9200원) 이상에서 매물이 형성된 비율은 전체의 94.49%에 달했습니다.日 도요타에 전기차 배터리 공급…“장기성장” 최근 주가 하락세에 냉가슴만 앓고 있던 투자자들의 가슴을 설레게 만든 소식은 바로 LG에너지솔루션이 글로벌 1위 완성차 업체 일본 도요타에 처음으로 전기차 배터리를 납품한다는 겁니다. 2025년부터 연 20GWh씩 10년 동안 공급함으로써 30조원 이상의 매출 증대가 기대되는 이번 계약은 합작공장(JV)을 제외한 단일 수주 계약 중 역대 최대 규모이기도 합니다.[LG에너지솔루션]LG에너지솔루션은 기존 폭스바겐 현대차·기아 르노·닛산·미쓰비시 제너럴모터스(GM)에 더해 이번 계약으로 글로벌 ‘톱(TOP) 5’ 완성차 회사 모두에 배터리를 공급하게 됐습니다. 세계 10위까지 넓히면 9곳을 고객사로 확보했고요.최근 금양 홍보이사 재직 당시 투자일임사 운용역을 동시에 맡은 것으로 알려져 이해 상충 논란이 불거졌던 ‘밧데리 아저씨(배터리 아저씨)’ 박순혁 전 이사는 지난 달 열린 한 2차전지 투자 설명회에서 에코프로에 이어 투자해야 할 종목으로 LG에너지솔루션을 꼽았습니다. 2차전지가 반도체 시장을 넘어서는 시점으로 2025년을 꼽은 박 전 이사는 LG에너지솔루션이 해당 시점에 삼성전자의 시총 5~10배 규모의 더 큰 회사가 될 것이라고 주장하기도 했습니다.워낙 큰 숫자에 현실 가능성에 대해선 의문 부호가 달리긴 하는데요. 다만 LG에너지솔루션의 장기적 성장 전망에 대해서만큼은 증권가에선 이견이 없는 듯 합니다.박진수 신영증권 연구원은 “4분기 유럽 고객사의 수요 회복 미국 신공장 가동률 및 판매량에 대한 모니터링이 필요하다”면서도 “전기차 성수기와 맞물려 유럽 주요 고객사 배터리 매입은 3분기 말∼4분기를 기점을 회복될 전망”이라고 했습니다.
31,"테슬라, 미국에서 모델3·모델Y 가격 최대 300만 원 인하",2023.10.07,KBS,전기차 업체 테슬라가 미국에서 모델3와 모델Y 등 일부 모델의 가격을 최대 300만 원 내렸습니다. 현지시각 6일 테슬라 웹사이트에 따르면 모델3 기본 모델의 시작가는 4만 240달러에서 3만 8천990달러로 천250달러 내려갔습니다. 롱레인지 모델3와 모델3 퍼포먼스도 4만 7천240달러와 5만 3천240달러에서 각각 천250달러 2천250달러 인하됐습니다. 또 SUV인 모델Y 가격도 5만 4천490달러에서 5만 2천490달러로 2천 달러 내렸습니다. 가격 하락 비율은 기존 차 가격의 2.7∼4.2%에 해당합니다. 이번 가격 인하는 지난 3분기 테슬라 인도량이 시장 예상치에 미치지 못했다는 발표 이후 나왔습니다. 앞서 테슬라는 지난해 말부터 소비지출 둔화 우려와 전기차 경쟁이 치열해지면서 전 세계 시장에서 자동차 가격을 인하하기 시작했고 가장 큰 시장인 미국과 중국에서는 가격을 내렸다가 다시 올리는 등 여러 차례 가격 조정을 해왔습니다. 이날 뉴욕 증시에서 테슬라 주가는 전날보다 1% 정도 하락했습니다.[사진 출처 : AP=연합뉴스]■ 제보하기▷ 전화 : 02-781-1234 4444▷ 이메일 : ▷ 카카오톡 : KBS제보 검색 채널 추가▷ 네이버 유튜브에서 KBS뉴스를 구독해주세요!
32,"테슬라 0.18%-리비안 3.56%, 전기차 루시드 제외 일제↑(상보)",2023.10.07,뉴스1,테슬라 일일 주가추이 - 야후 파이낸스 갈무리(서울=뉴스1) 박형기 기자 = 미국의 전기차주가 미증시 랠리에 힘입어 루시드를 제외하고 일제히 상승했다.6일(현지시간) 뉴욕증시에서 테슬라는 1.18% 테슬라의 대항마로 불리는 리비안은 3.56% 니콜라는 2.94% 각각 상승했다. 이에 비해 루시드는 0.58% 하락했다.일단 테슬라는 차량 가격 인하에도 상승 마감에 성공했다. 이날 뉴욕증시에서 테슬라는 전거래일보다 0.18% 상승한 260.53 달러를 기록했다.이날 테슬라는 가장 인기 있는 차종의 차량 가격을 전격 인하했다.자국에서 판매되는 모델3와 모델Y의 가격을 3~4% 낮췄다. 둔화한 3분기 판매 실적을 공개한 지 3일 만에 미국에서 가장 인기 있는 두 차종을 대상으로 가격 할인에 들어간 것이다.가격 인하로 판매 부진을 만회하려는 것으로 보인다.이는 이익 마진에 악영향을 미치기 때문에 주가 하락 요인다. 실제 개장과 함께 테슬라는 급락 출발했다.그러나 미증시가 지난달 비농업 부분 신규 일자리가 시장의 예상보다 2배 정도 급증했음에도 상승 반전에 성공하자 테슬라도 덩달아 낙폭을 크게 만회하며 결국 상승 마감에 성공했다.테슬라뿐만 아니라 리비안은 3.56% 급등한 18.92 달러를 니콜라는 2.94% 상승한 1.40 달러를 각각 기록했다.이에 비해 루시드는 0.58% 하락한 5.13 달러로 장을 마감했다. 루시드 일일 주가추이 - 야후 파이낸스 갈무리
33,테슬라 차량 가격 인하에도 0.18% 상승 마감,2023.10.07,뉴스1,테슬라 일일 주가추이 - 야후 파이낸스 갈무리(서울=뉴스1) 박형기 기자 = 테슬라가 차량 가격을 또다시 인하했음에도 미증시 랠리에 힘입어 0.18% 상승 마감했다.6일(현지시간) 뉴욕증시에서 테슬라는 전거래일보다 0.18% 상승한 260.53 달러를 기록했다.이날 테슬라는 가장 인기 있는 차종의 차량 가격을 전격 인하했다. 자국에서 판매되는 모델3와 모델Y의 가격을 3~4% 낮췄다. 둔화한 3분기 판매 실적을 공개한 지 3일 만에 미국에서 가장 인기 있는 두 차종을 대상으로 가격 할인에 들어간 것이다.가격 인하로 판매 부진을 만회하려는 것으로 보인다.이는 이익 마진에 악영향을 미치기 때문에 주가 하락 요인다. 실제 개장과 함께 테슬라는 급락 출발했다. 그러나 미증시가 지난달 비농업 부분 신규 일자리가 시장의 예상보다 2배 정도 급증했음에도 상승 반전에 성공하자 테슬라도 덩달아 낙폭을 크게 만회하며 결국 상승 마감에 성공했다.
34,"테슬라 모델3·모델Y, 가격 또 300만원 인하",2023.10.07,한국경제TV,전기차 업체 테슬라가 미국에서 모델3와 모델Y 등 일부 모델의 가격을 최대 300만원 내렸다.6일(현지시간) 테슬라 웹사이트에 따르면 모델3 기본 모델의 시작가는 4만240달러에서 3만8천990달러로 1천250달러(168만원) 내려갔다.롱레인지 모델3와 모델3 퍼포먼스는 4만7천240달러와 5만3천240달러에서 각각 1천250달러 2천250달러(303만원) 인하됐다.테슬라는 또 SUV인 모델Y 가격을 5만4천490달러에서 5만2천490달러로 2천달러(272만원) 내렸다.모델3와 모델Y는 테슬라 차량 중 가장 대중적인 모델로 이번 가격 하락 비율은 기존 차값의 2.7∼4.2%에 해당한다.테슬라는 가격 인하 이유는 밝히지 않았다.다만 테슬라는 지난해 말부터 소비지출 둔화 우려와 전기차 경쟁이 치열해지면서 전 세계 시장에서 자동차 가격을 인하하기 시작했다.특히 가장 큰 시장인 미국과 중국에서는 가격을 내렸다가 다시 올리는 등 여러 차례 가격 조정을 해왔다.이번 가격 인하는 지난 3분기 테슬라 인도량이 시장 예상치에 미치지 못했다는 발표 이후 나왔다.테슬라는 지난 2일 공개한 보고서에서 7∼9월 3개월간 모두 43만5천59대를 인도했다고 밝혔다.이는 지난 2분기의 차량 인도량 46만6천140대 대비 7% 감소한 규모로 팩트셋이 집계한 시장 전망치(46만1천대)도 하회했다.테슬라는 올해 전체 자동차 판매량 목표치를 180만대로 잡고 있다. 이날 뉴욕 증시에서 테슬라 주가는 전날보다 약 1% 하락했다.
35,"[재계-in] 사우디 네옴시티 찾은 이재용, LG家 상속 법정 공방",2023.10.07,데일리안,이재용 삼성전자 회장 정의선 현대차그룹 회장 최태원 SK그룹 회장 구광모 LG 회장(왼쪽부터). ⓒ데일리안 박진희 그래픽디자이너[데일리안 = 박영국기자 조인영 기자 임채현 기자] ◆이재용 삼성전자 회장 연휴기간 사우디·이스라엘·이집트 현장경영이재용 삼성전자 회장이 1일(현지시간) 사우디아라비아 서북부 타북주(州)에서 삼성물산이 참여하는 네옴(NEOM) 신도시의 지하 터널 공사 현장을 점검하고 있다. ⓒ삼성전자1일 사우디아라비아 친환경 스마트시티 ‘네옴(NEOM)’을 찾아 삼성물산이 참여한 산악터널 공사 현장을 점검하고 임직원들을 격려. “중동은 미래 먹거리와 혁신 기술 발휘 기회로 가득 찬 보고(寶庫)”라고 강조. 네옴은 총 사업비 5000억 달러(약 670조원)를 투자해 건설되는 미래형 신도시. 삼성물산은 네옴의 심 교통·물류 수단인 지하 철도 공사에 참여 중. 앞서 이집트 삼성전자 공장을 방문해 TV·태블릿 생산 현장을 점검하고 지난달 28일에는 삼성전자 이스라엘 R&D 센터에서 혁신 스타트업과 신기술 투자 현황을 보고받음.#재판 휴정 기간이 해외 금맥 발굴의 최적기라는 안타까운 현실.◆LG家 상속 법정 공방…구광모 경영 승계는 선대회장 유지 증언여의도 LG 트윈타워 전경. ⓒ데일리안DB구본무 LG 선대회장의 부인과 두 딸이 구광모 회장을 상대로 낸 상속회복청구 소송에서 구 회장으로의 주식 상속을 놓고 공방 본격화. 하범종 ㈜LG 경영지원부문장은 5일 소송 첫 변론기일에 증인으로 출석해 “선대회장은 ‘다음 회장은 구광모 회장이 돼야 한다’고 했다. 경영 재산은 모두 구광모 회장에게 승계하겠다는 말을 남겼다”고 증언. 이날 재판에서 원고 측은 “상속 절차 과정에서 유언장이 있는 것으로 속았다”고 주장했고 하 사장은 “유언장이 아닌 선대회장의 뜻이 담긴 메모라고 표현했다”면서 “상속 절차를 보고하면서 여러 차례 보여드렸고 상속세 신고 종결 이후 효용 가치가 없어져 업무 관행에 따라 폐기했다”고 설명.#5년 전 일을 왜 이제 와서…◆최태원 대한상의 회장 엑스포 유치전 위해 출국…두 달간 해외 체류최태원 대한상공회의소 회장이 9월 26일 서울 세종대로 대한상공회의소 회관에서 열린 ‘2030 부산세계박람회 유치위원회’ 4차 회의에서 인사말을 하고 있다. ⓒ대한상공회의소4일 중앙아시아로 출국해 해당 지역 국가들을 찾아 부산엑스포 유치 지원 당부. 9일에는 프랑스 파리에서 엑스포 심포지엄에 참석한 뒤 잠시 서울에 들러 카리브해 국가 정상들을 만난 뒤 15일 다시 파리로 날아가 K팝 콘서트 ‘엠카운트다운 인 프랑스’에 참석하고 16~18일 SK그룹 ‘CEO 세미나’를 파리에서 주관. 이달 말에는 아프리카 국가도 방문 예정. 11월에는 대부분 파리에 머물며 BIE 회원국 대사들을 마지막으로 만나 지지를 호소할 계획.#모자 세 개를 쓴 자 그 무게를 견뎌라.◆김승연 3남 김동선 한화 로봇사업 이끈다…한화로보틱스 출범김동선 한화로보틱스 전략담당임원이 판교 한화 미래기술연구소에서 협동 로봇 성능을 점검하고 있다. ⓒ한화한화의 로봇전문기업 ‘한화로보틱스’가 4일 공식 출범. 김승연 한화그룹 회장의 3남인 김동선 전략담당 임원(전무)이 한화로보틱스의 전략 기획을 맡아 사실상 그룹의 로봇사업을 이끌게 됨. 김 전무는 “로봇은 앞으로 인류의 삶의 질을 높이는 중요 사업이 될 것”이라며 “사명감을 갖고 푸드테크 보안 서비스 등 다양한 분야에 활용할 수 있는 로봇 개발에 나설 것”이라는 포부 밝혀.#재벌집 막내아들 아닌 유능한 기업인으로 인정받을 만한 성과 보여주길.◆구자은 LS 회장 테슬라‧애플도 위기 속에서 컸다…위기 속 기회 포착해야구자은LS그룹 회장이 6일 안양LS타워에서 개최된 LS Future Day에서 격려사를 하고 있다. ⓒLS6일 ‘LS Future Day’에서 테슬라와 애플 1세대 제품들이 모두 2007년 2008년과 같은 금융위기 시대에 나왔다는 혁신의 역사를 언급하며 “위기 상황일수록 위험보다는 미래의 기회 요소에 더욱 집중하고 혁신함으로써 위기 이후의 시대를 리딩하는 기업으로 도약하자”고 강조. LS 퓨처 데이는 구자은 회장 취임 이후 지속 추진해온 ‘양손잡이 경영’을 더욱 가속화하기 위해 2004년부터 실시해온 연구개발 성과공유회 LS T-Fair를 기존 사업뿐만 아니라 미래 사업 분야로 확장한 행사.#테슬라 전기차와 애플 아이폰에 필적할 LS 브랜드 제품이 혁신의 역사에 추가될 것인가.
36,"뉴욕증시, 임금상승률 둔화에 큰 폭 상승...메타, 3.5% 급등",2023.10.07,파이낸셜뉴스,[파이낸셜뉴스]   뉴욕증시가 6일(현지시간) 예상의 2배에 육박하는 9월 신규고용에 놀라 하락세로 출발했다가 임금상승세 둔화에 초점이 모이면서 큰 폭 반등에 성공했다. 4월 7일 버지니아주 알링턴의 한 상점 앞에 구인 안내문이 붙어 있다. 로이터뉴스1  뉴욕증시가 6일(이하 현지시간) 큰 폭의 상승세로 마감했다.   이날 노동부의 9월 고용동향 발표를 앞두고 1주일 내내 눈치보기 속에 오르내림을 반복했던 뉴욕증시가 상승세로 방향을 잡은 것으로 보인다.   각각 11일과 12일 노동부가 발표하는 9월 생산자물가지수(PPI)와 소비자물가지수(CPI)에서 인플레이션(물가상승) 압력 둔화가 다시 확인되면 뉴욕증시 상승 흐름에 탄력이 붙을 전망이다.   이날 노동부 발표에 따르면 9월 신규고용이 시장 전망을 2배 가까이 웃돌았지만 인플레이션을 자극하는 임금 상승률은 둔화돼 연방준비제도(연준)의 고강도 금리정책이 불필요할 수 있음을 시사했다.     S&P500 보름 만에 4300 회복   뉴욕증시 3대 지수는 신규고용 급증 소식에 하락세로 출발했지만 이후 예상보다 더딘 임금상승세에 초점이 모이면서 상승세로 돌아섰다.   CNBC에 따르면 대형우량주 30개로 구성된 다우존스산업평균지수는 전일비 288.01p(0.87%) 오른 3만3407.58로 마감했다.   기술주 위주의 나스닥지수는 211.51p(1.60%) 급등한 1만3431.34로 올라섰다.   대형우량주와 기술주가 골고루 포진해 시황을 폭 넓게 반영하는 스탠더드앤드푸어스(S&P)500지수는 4300선을 회복했다. 지난달 25일 이후 약 보름만이다.   S&P500은 50.31p(1.18%) 뛴 4308.50으로 거래를 마쳤다.   1주일 전체로는 흐름이 갈렸다.   S&P500은 4주 연속 하락세에 마침표를 찍고 0.48% 상승 반전했고 나스닥은 1.60% 뛰었다.   반면 다우는 1주일 동안 0.30% 하락했다.     임금 상승세 둔화   이날 뉴욕증시는 9월 고용동향에 울고 웃었다.   장 초반 투자자들은 지난달 신규고용이 시장 전망치 17만명의 2배에 육박하는 33만6000명으로 집계됐다는 노동부 발표에 당황했다.   탄탄한 고용 확대는 미 경제 성장 지속을 시사하는 것으로 연준이 연내 추가 금리인상에 나서고 내년 금리인하 역시 예상보다 더디게 진행될 수 있음을 예고하는 것이기 때문이다.   그러나 시장은 곧 상승 반전에 성공했다.   연준이 고용지표에서 가장 중점을 두는 사안인 임금 상승세가 둔화됐다는 것에 시장 관심이 돌아선 덕분이다.   9월 시간당 평균임금 상승률은 전월비로는 0.2% 전년동월비로는 4.2%로 나타났다. 8월 상승률 0.2%(전월비) 4.3%(전년동월비)보다 낮거나 같은 수준이다.   시장 예상 보다도 각각 0.1%p 낮은 수준이었다.   임금 상승에 따른 전반적인 추가 물가상승인 2차 인플레이션 우려가 완화됐다는 뜻이다.   다만 시카고상업거래소(CME)그룹 페드워치에 따르면 금리선물 시장에서는 올해 추가 금리인상 가능성이 더 높아진 것으로 판단하고 있다. 채권 투자자들은 연말 기준금리가 지금보다 0.25%p 이상 높아질 확률을 하루 전만 해도 33.1%로 내다봤지만 이날 42.6%로 더 높게 전망했다.     빅7 일제히 상승   대형 기술주 7개를 가리키는 빅7은 일제히 큰 폭으로 올랐다.   애플은 2.58달러(1.48%) 상승한 177.49달러 마이크로소프트(MS)는 7.90달러(2.47%) 급등한 327.26달러로 마감했다.   알파벳은 2.51달러(1.86%) 뛴 137.58달러 아마존은 2.00달러(1.59%) 오른 127.96달러로 장을 마쳤다.   엔비디아는 10.74달러(2.40%) 상승한 457.62달러 메타플랫폼스는 10.64달러(3.49%) 급등한 315.43달러로 올라섰다.   테슬라는 3·4분기 기대 이하의 분기 출하성적을 공개한 뒤 미국에서 모델3와 모델Y 가격을 내리며 가격전쟁을 재개했다는 소식에 장 중반까지 하락했지만 후반 상승 흐름에 합류했다.   테슬라는 장 초반 전일비 9.40달러(3.61%) 하락한 250.65달러까지 밀리기도 했다. 그러나 이후 증시 상승세 속에 낙폭을 좁혔다. 결국 0.48달러(0.18%) 오른 260.53달러로 상승 마감하는데 성공했다.     유가 소폭 상승   국제유가는 상승했다. 다만 러시아가 경유 석유수출을 해제했다는 소식에 상승폭이 크지는 않았다.   국제유가 기준물인 브렌트유는 배럴당 0.51달러 오른 84.58달러 미국유가 기준물인 서부텍사스산원유(WTI)는 0.48달러 상승한 82.79달러로 마감했다.   그러나 1주일 전체로는 브렌트가 11% WTI가 8% 급락했다.
37,"뉴욕증시, 고용 '깜짝' 급증에도 상승…나스닥 1.6%↑마감",2023.10.07,연합뉴스,(뉴욕=연합뉴스) 윤영숙 연합인포맥스 특파원 = 뉴욕증시는 9월 비농업 고용이 예상치를 크게 웃돌았다는 소식에 초반 하락세를 보였으나 이내 상승세로 돌아섰다.     6일(미 동부시간) 뉴욕증권거래소(NYSE)에서 다우존스30산업평균지수는 전장보다 288.01포인트(0.87%) 오른 33407.58로 거래를 마쳤다.     스탠더드앤드푸어스(S&P)500지수는 전장보다 50.31포인트(1.18%) 상승한 4308.50으로 나스닥지수는 전장보다 211.51포인트(1.60%) 오른 13431.34로 장을 마감했다.     투자자들은 9월 비농업 고용과 미국 국채금리 움직임을 주시했다.    노동부가 발표한 미국 9월 비농업 부문 고용은 33만6천명 증가해 월스트리트저널(WSJ)이 집계한 전문가들의 예상치인 17만명 증가의 거의 두 배 수준을 기록했다.    9월 고용은 지난 12개월 동안의 월평균 고용인 26만7천명도 크게 웃돌았다.    직전 두 달인 8월과 7월 수치도 각각 22만7천명 23만6천명으로 상향 수정돼 총 11만9천명 상향 조정됐다.    9월 실업률은 3.8%로 직전월과 같았으며 시장이 예상한 3.7%를 0.1%포인트 웃돌았다.    시간당 임금은 전달보다 0.2% 오르고 지난해 같은 기간보다 4.2% 올랐다. 이는 모두 시장이 예상한 0.3% 상승과 4.3% 상승을 밑돈 것이다.    고용 지표 발표 직후 10년물 국채금리는 13bp 이상 올라 4.86%까지 상승했다. 2년물 국채금리도 한때 5.2%까지 올랐다. 30년물 국채금리도 5%를 넘어섰다.    채권금리는 가격과 반대로 움직인다. 지표 강세에 올해 금리 인상 가능성은 커지고 내년 금리 인하 가능성은 더욱 뒤로 밀리면서 채권 금리가 오르고 채권 가격은 하락했다.    그러나 이후 금리 급등세가 진정되면서 주가는 상승 반전했다. 채권금리는 오름폭을 초반보다 낮추며 마감했다.     낙폭 과대에 따른 저가 매수세와 이번 고용 호조에도 연준의 연내 금리 인상에 대한 신중론이 강화되면서 주가는 반등했다.     골드만삭스는 이날 고용 호조에도 금리 인상이 끝났을 가능성이 크다는 전망을 유지했고 캐피털 이코노믹스도 장기 수익률의 상승이 금융환경을 상당히 긴축시키고 있다는 점에서 연준의 인상이 끝났다고 주장했다.     JP모건은 여전히 11월과 12월 금리 인상 가능성이 아슬아슬한 상황이라고 말했다.     오는 9일 예정된 채권시장의 휴장으로 금리 위험이 일시 해소될 것이라는 안도감도 주식 매수를 견인했다.         오는 10월 9일 콜럼버스의 날을 맞아 채권시장이 휴장하지만 주식시장은 정상 운영될 예정이다.    S&P500지수 내 필수소비재를 제외한 10개 업종이 모두 올랐다. 기술과 통신 유틸리티 산업 헬스 관련주가 모두 1% 이상 상승했다.     테슬라의 주가는 회사가 미국에서 판매되는 모델3와 모델Y의 가격을 인하했다는 소식에도 0.2%가량 올랐다.     셰일오일 시추업체 파이어니어 내추럴 리소시스의 주가는 엑손모빌이 인수 합의에 거의 근접했다는 소식에 10% 이상 올랐다.    필립스의 주가는 미국식품의약국(FDA)이 회사가 리콜한 수면무호흡증 치료기에 대한 추가 조사를 요구했다는 소식에 7% 이상 하락했다.    뉴욕증시 전문가들은 이날 보고서는 연준의 추가 금리 인상 가능성을 높일 것이라면서도 국채금리가 약간 후퇴한 것이 시장의 반등에 도움이 됐다고 말했다. 또한 과매도 환경이 매수세를 촉발했다고 덧붙였다.     바이탈 날리지의 애덤 크리사풀리 애널리스트는 보고서에서 33만6천명은 엄청나게 크며 연준이 쉽게 금리를 0.25%포인트 올리고 장기간 높은 수준에서 이를 유지하게 할 수 있다는 의미다라며 금리가 계속 오를 위험에 직면할 것이며 그렇게 되는 한 주식은 성공할 수 없다라고 말했다.    프린서펄 에셋 매니지먼트의 시마 샤 글로벌 수석 전략가는 보고서에서 강한 일자리 보고서는 시장에 좋은 뉴스가 아니다라며 오늘 보고서는 경제가 감당하기에 너무 뜨거울 뿐만 아니라 연준이 추가적인 금리 인상으로 대응해야 할 필요가 있음을 보여준다라며 또한 지난 몇 주간 채권시장을 겁먹게 했던 더 오래 더 높은 금리에 대한 전망을 강화한다라고 말했다.    베르덴스 캐피털 어드바이저스의 메건 호네만 최고투자책임자(CIO)는 CNBC에 10년물 금리가 4.8% 근방에서 약간 뒤로 밀리는 것을 보고 있고 있다라며 금리가 약간 뒤로 물러나면서 주식시장에 도움이 되고 있다라고 말했다.     그는 또한 우리는 최근 몇 주간 시장에서 상당한 약세를 목격했으며 일부 과매도 환경을 보았다고 말했다.     시카고상품거래소(CME) 페드워치에 따르면 연방기금(FF) 금리 선물 시장에서 마감 시점 연준이 11월에 금리를 동결할 가능성은 68.1%를 0.25%포인트 금리를 인상할 가능성은 31.9%를 기록했다.    시카고옵션거래소(CBOE) 변동성 지수(VIX)는 전장보다 1.04포인트(5.62%) 하락한 17.45를 기록했다.NYSE 입회장에서 일하는 트레이더들의 모습[연합뉴스 자료사진]    
38,"일자리 급증에도 미증시 일제 상승, 나스닥 1.60%↑(상보)",2023.10.07,뉴스1,미증시의 한 트레이더. ⓒ 로이터=뉴스1(서울=뉴스1) 박형기 기자 = 미국의 일자리가 급증해 연준이 연내 추가 금리 인상을 할 가능성이 높아졌음에도 미국증시는 일제히 랠리했다.6일(현지시간) 뉴욕증시에서 다우는 0.87% S&P500은 1.18% 나스닥은 1.60% 각각 상승했다.이날 개장 전 미국 노동부는 지난달 고용보고서를 발표했다. 노동부는 고용보고서를 통해 지난달 비농업부분 신규 일자리가 33만 개라고 밝혔다. 이는 시장의 예상 17만 개를 두 배 정도 웃도는 수준이다.이는 연준의 연내 금리인상 가능성을 높여주기 때문에 미국증시는 개장과 함께 급락 출발했다. 10년물 채권 수익률(시장금리)도 급등했다.그러나 오후 들어 채권 수익률의 상승이 주춤해지며 증시도 반전 결국 일제히 상승 마감했다. 아직 미국증시가 반등한 정확한 이유는 나오지 않고 있다. 전문가들은 일단 고용보고서에서 임금 상승률이 둔화했다는 점에 주목하고 있다. 지난달 시간당 평균 임금은 전월 대비 0.2% 전년 대비 4.2% 각각 상승했다. 지난 8월 상승률이 4.3%였던 점을 감안하면 인상률이 소폭 둔화한 셈이다. 일자리는 급증했으나 인플레이션에 직접적 영향을 미치는 임금 상승률이 둔화한 것은 호재이기 때문에 증시가 반등 모멘텀을 잡았다는 것이다. 그러나 임금 상승률이 둔화하긴 했지만 여전히 연준의 목표치 3.5%보다는 훨씬 높은 수준이다. 이에 따라 임금 상승률이 둔화한 것이 미증시 반등의 계기인지는 정확히 알 수 없다. 일부 전문가들은 장중 채권수익률 상승세가 주춤해지자 증시가 반등했다고 보고 있다. 이날 채권수익률은 고용 보고서 발표 직후 급등했으나 오후 들어 상승세가 주춤해지면서 10년물 국채수익률은 4.78%로 장을 마감했다. 이는 전일보다 0.06% 상승한데 그친 것이다. 일부에서는 저가매수를 반등의 계기로 보고 있다. S&P500은 연초보다 8% 이상 하락했다. 이에 따라 저가 매수가 대거 유입됐다는 지적도 있다. 또 노동시장이 생각보다 훨씬 강해 미국 경제가 생각보다 좋다며 미국 경제가 결국 침체에 빠지지 않을 것이란 기대가 주가 상승에 일조했다는 분석도 있다. 종목별로는 테슬라가 또다시 차량 가격을 인하했으나 증시 랠리에 힘입어 0.18% 상승하는 등 전기차는 루시드를 제외하고 일제히 상승했다. 반도체주도 생성형 인공지능(AI) 최대 수혜주 엔비이아가 2.40% 제2의 엔비디아로 불리는 AMD가 4.21% 급등하는 등 랠리해 필라델피아반도체지수는 2.00% 급등했다. 이외에 대형기술주도 일제히 랠리했다. 애플이 1.48% 마이크로소프트가 2.47% 아마존이 1.59% 페북의 모회사 메타는 3.49% 구글의 모회사 알파벳은 2.01% 각각 상승했다.
39,[더차트] 테슬라·GM과 어깨 나란히…포천 선정 '혁신' 韓 기업은?,2023.10.07,머니투데이,[편집자주] 잘 만든 차트 하나는 열 기사보다 낫습니다. 알차고 유익한 차트 뉴스 [더차트]입니다.배터리 제조 기업 SK온(ON)이 세상을 바꾸는 혁신 기업 1위에 올랐다.최근 미국의 유력 경제 전문지 포천(Fortune)은 2023 세상을 바꾸는 혁신 기업(Change the World) 순위를 발표했다. SK온은 전기차 기업 테슬라 자동차 제조 기업 제너럴 모터스(GM) 전기차 충전소 기업 차지 포인트와 함께 해당 순위 공동 1위에 올랐다.포천은 혁신 기업 공동 1위에 오른 4개 사에 대해 글로벌 넷제로(Net Zero) 미션 중 하나인 전기차 혁신을 선도하고 자동차와 가장 친숙한 나라인 미국의 전동화를 이끌고 있다고 평가했다.특히 SK온을 두고 미국 배터리 제조업에 활력을 불어넣었다며 2025년 SK 온 공장들은 연간 미국에서 전기차 약 150만대분에 공급할 수 있는 배터리를 생산할 것이라 설명했다.공동 1위 4개 사 외에는 △2위 메르카도리브레 △3위 월마트 △4위 존슨콘트롤즈 △5위 바텔 △공동 6위 페리고·오가논 △7위 와소코 △8위 위라이드 △9위 길리어드 △10위 애보트 등이 순위에 이름을 올렸다.포천은 2015년부터 사회·환경에 미치는 긍정적 영향력과 이에 따른 사업적 성과 혁신성 등을 종합적으로 평가해 매년 50여개의 혁신 기업 랭킹을 공개한다.올해는 약 250개의 회사가 후보로 올랐고 그중 59개 회사가 혁신 기업에 선정됐다. 아시아에서는 7개 회사가 이름을 올렸으며 한국 기업 중에서는 SK온이 유일하다.
40,"""못 돌아올까 봐"" 中 출장 꺼려",2023.10.07,파이낸셜뉴스,[파이낸셜뉴스]   중국이 보안법을 발효한 뒤 출장에 나섰다가 간첩혐의 등으로 억류되는 외국인들이 늘면서 각 기업이 중국 출장을 꺼리고 있는 것으로 나타났다. 지난해 10월 17일 상하이 금융중심가 인근에서 한 남성이 마스크를 쓰고 걷고 있다. 로이터뉴스1  중국이 방문하기 어려운 곳이 되고 있다. 자칫 중국에 억류돼 귀국하지 못할 것을 우려하는 이들이 늘고 있다.   월스트리트저널(WSJ)은 6일(이하 현지시간) 각 기업 경영진이 갔다가 못 올지 모른다는 불안 때문에 중국 출장을 재고하고 있다고 보도했다.   WSJ에 따르면 중국 당국은 올들어 외국 기업들에 강하게 대응하고 있다. 은행 고위 간부 기업 경영진 출국 금지도 잦아지고 있다.   각 기업이 중국 출장을 다시 한 번 생각하는 이유다.     중 출장 취소·연기 25% 폭증   보도에 따르면 일부 업체는 중국 출장을 취소하거나 연기하고 있고 출장을 지속하는 기업들도 직원들에게 단독 입국 대신 단체로 입국하는 등 억류에 대비한 대응을 주문하고 있다.   전세계 주요 다국적 기업들의 출장을 지원하는 여행사 ATG트래블월드와이드 최고경영자(CEO) 태미 크링스는 중국 출장에 관해 매우 조심스러운 태도가 나타나고 있다면서 업무에 꼭 필요한 출장만 가는 것을 권장하고 있다고 말했다.   크링스는 최근 수주일간 미 기업들의 중국 출장 취소나 연기가 약 25% 폭증했다고 밝혔다.   지난달 공개된 미 정부 설문조사에서는 응답자 약 20%가 중국 출장을 줄였다고 답했다.     중 사업 고립화 전략도   기업들은 중국 사업부문 고립화 전략도 취하고 있다. 이른바 사일로잉이다.   대만 해협 긴장 인공지능(AI) 경쟁 심화 무역전쟁 지속으로 미중 긴장이 고조되는 가운데 중국에서 활동하는 외국 기업들은 글로벌 사업에서 중국 사업을 다른 곳과 분리하고 있다.   중국 출장에 나섰던 자사 직원들이 일시적으로 또는 장기간 중국을 떠나지 못할 수 있다는 우려로 중국 사업을 고립화하고 있는 것이다.   미 위험컨설팅업체 크롤의 홍콩지사 고위 임원은 중국 출장에 나섰다가 두 달째 출국이 금지됐다. 또 일본 투자은행 노무라의 고위 임원도 중국 출장에 나섰다가 억류됐다.     인질 협상 지렛대로   서방 정부 관계자들과 인권단체들에 따르면 중국은 출국금지를 범죄 수사에 활용하고 있지만 반체제 인사들을 압박하거나 외국 기업 정부와 분쟁에서 이들을 인질로 유리한 위치를 점하기 위한 용도로도 활용하고 있다.   출국금지는 범죄혐의가 없는 이들에게도 수년을 지속할 수도 있다.   소식통들에 따르면 크롤 노무라 임원 그 누구도 범죄 수사 직접 대상이 아니다.   미 민간보안업체 글로벌가디언 CEO 데일 버크너는 지난 8개월 동안 자사의 로펌 제조업 컨설팅업체 기타 고객 가운데 일부가 중국 공항이나 호텔 등에서 대개 2~5시간 억류되거나 간단한 조사를 받았다고 전했다.   버크너는 일부 미 기업들이 보안컨설팅 업체를 통해 중국 출장에 나섰다가 억류될 가능성이 있는지를 놓고 직원들의 배경을 조사하기도 한다고 말했다. 직원들의 군경력 이중국적 또는 정치적으로 민감한 소셜미디어 포스트 등이 주된 배경 조사 대상이라고 그는 설명했다.     머스크 등 스타 CEO들은 예외   그러나 모두가 위협을 느끼는 것은 아니다.   팀 쿡 애플 CEO 제이미 다이먼 JP모건체이스 회장 겸 CEO 일론 머스크 테슬라 CEO 등 스타 CEO들은 거리낌 없이 중국을 드나들고 있다.   독일 제약 메이저 머크 KGaA 역시 중국 출장 정책에 변화가 없다. 독일 출장협회 회장이기도 한 머크 해외출장관리부문 책임자 크리스토프 카니에르는 머크 직원들이 필수 출장을 계속하고 있다고 말했다.   카니에르는 요즘에는 대면 회의가 그 어느때보다 중요해졌다면서 특히 중국의 경우 더 그렇다고 강조했다.
41,"테슬라, 일부 모델 가격 최대 300만 원 인하",2023.10.07,YTN,전기차 업체 테슬라가 미국에서 모델3와 모델Y 등 일부 모델의 가격을 우리 돈으로 최대 300만 원 내렸습니다.테슬라 웹사이트에 따르면 모델3 기본 모델의 시작가는 4만240달러에서 3만8천990달러로 천250달러 내려갔습니다.롱레인지 모델3와 모델3 퍼포먼스는 4만7천240달러와 5만3천240달러에서 각각 1천250달러 2천250달러 떨어졌습니다.테슬라는 또 SUV인 모델Y 가격을 5만4천490달러에서 2천 달러 내렸습니다.모델3와 모델Y는 테슬라 차량 중 가장 대중적인 모델로 이번 가격 하락 비율은 2.7∼4.2%에 해당합니다.테슬라는 가격 인하 이유는 밝히지 않았습니다.다만 테슬라는 지난해 말부터 소비지출 둔화 우려와 전기차 경쟁이 치열해지면서 전 세계 시장에서 자동차 가격을 인하하기 시작했습니다.특히 가장 큰 시장인 미국과 중국에서는 가격을 내렸다가 다시 올리는 등 여러 차례 가격 조정을 해왔습니다.※ 당신의 제보가 뉴스가 됩니다[카카오톡] YTN 검색해 채널 추가[전화] 02-398-8585[메일] 
42,"쑥쑥 자라고 때마다 배당까지…美주식 쇼핑 찬스, 뭘 사야 할까?",2023.10.07,머니투데이,[부꾸미]김성환 신한투자증권 수석연구원 인터뷰①악재만 가득해 보이는 증시에서 지금 주식 투자를 해도 되는지 투자자들의 고민은 깊어진다. 고금리 장기화와 고유가 기업들의 실적 부진이라는 삼중고 속에 증시 변동성도 지속되고 있다.신한투자증권에서 해외주식 전략을 담당하는 김성환 수석연구원은 지금 같은 변동성을 오히려 매수 기회로 활용해야 한다고 조언한다. 그는 머니투데이 증권 전문 유튜브 채널 부꾸미-부자를 꿈꾸는 개미와의 인터뷰에서 미국 주식이라면 지금 조정은 매수 기회라고 생각한다며 소위 매그니피센트 세븐이라고 하는 7개 빅테크 종목들은 장기적인 관점에서 투자가 가능하다고 밝혔다.그는 미국은 여전히 고용이 강하고 기업들도 돈을 잘 벌고 있다며 미국의 캐펙스(Capex 설비투자) 사이클과 재고 사이클을 감안하면 증시는 단기 변동성이 있더라도 중장기적으로 우상향하는 모습을 보일 것이라고 말했다.※유튜브 채널 부꾸미-부자를 꿈꾸는 개미에 오시면 인터뷰 풀영상을 확인하실 수 있습니다.Q. 최근 미국 증시가 조정을 보이는 이유는 무엇인가요?▶올해 초 SVB(실리콘밸리은행) 파산 사태가 터질때만 해도 연준(미국 연방준비제도)의 긴축 완화에 대한 기대감이 있었는데요. 8월까지는 시장 금리가 올라도 미국 경제가 워낙 강하기 때문에 자연스럽게 오르는 걸로 봤거든요. 그런데 지난 9월 FOMC(미국 연방공개시장위원회)에서 연준 위원들이 시장이 기대하고 있던 긴축 완화 가능성을 차단하고 상당히 장기간 고금리를 이어가겠다고 발언하면서 변동성이 커지고 있습니다.금리가 높으면 일단 밸류에이션(실적 대비 주가 수준)이 불편해지죠. 두번째로는 고금리가 결국 미국 경제를 꺾어놓지 않을까 하는 걱정이 큰 것 같아요. 기업들의 실적에도 영향이 있을 거고 FOMC 이후에 이런 걱정들이 갑자기 표출되면서 시장이 흔들리고 있다고 보시면 될 것 같습니다.Q. 지금 조정은 일시적일까요 아니면 계속 지속될까요?▶작년 이맘때에도 비슷한 상황이었죠. 그때는 연준의 강한 긴축에 대한 우려 때문에 증시가 크게 흔들렸는데요. 지금은 펀더멘털 측면에서 지난해와 근본적으로 차이가 있어요. 지난해에는 미국 빅테크 기업들이 케파(생산설비)를 줄이고 구조조정을 하는 과정에서 실적이 굉장히 안 좋았는데요. 올해는 아직까지 실적이 워낙 괜찮은 상황이고 특히 빅테크들은 지난해 구조조정해 놨던 효과 때문에 실적이 괜찮아지고 있어요. 작년만큼 최악의 상황은 아닙니다.다만 상황을 낙관하려면 좀 두고봐야 해요. 미국의 소비자심리지수라든지 주택시장 등 이런 지표들이 조금씩 안 좋아지기 시작하는데 이게 뭔가 안 좋아지는 신호라는 생각이 든다면 시장은 좀 고민스럽겠죠. 이걸 지켜보는 과정이 대략 한 달 정도 필요하기 때문에 단기적으로 조정은 불가피해 보입니다.중장기적인 시각에서는 여전히 괜찮다고 생각하는데요. 크게 두 가지 이유가 있는데 첫번째는 미국 경제를 지탱하는 가장 강력한 사이클인 캐펙스 사이클이 강하게 일어나고 있다는 겁니다. 리쇼어링(해외진출 기업의 국내 복귀) 과정에서 미국에 공장이 막 지어지기 시작하고 있어요. 많은 기업들이 미국에 투자를 시작했는데 이걸 1년만에 끊을수는 없습니다. 장기적으로 해야하고 이 과정에서 고용이 창출되고 경제가 살아나죠.두번째는 재고 사이클인데요. 기업은 재고가 쌓이면 덤핑을 해서 가격을 낮추죠. 그러면 소비자들이 소비를 해 줄거고 재고가 어느정도 소진되면 기업은 다시 재고를 쌓기 시작합니다. 미국 경제도 지금 재고가 소진되는 사이클에 있는데요. 연말 정도면 얼추 재고가 바닥을 보일것 같아요. 그러면 기업은 가격 협상력이 생기면서 마진이 반등할 수 있습니다.Q. 올해 많이 올랐던 미국 빅테크 기업들의 주가가 다소 조정을 받았는데요. 어떻게 대응해야 할까요?▶지금은 매수 기회라고 생각해요. 올해 미국 시장에서 제기된 문제는 빅테크 빼고는 아무것도 안 오른다는 거였는데요. 최근 한 달 사이에 이런 쏠림이 상당히 많이 완화했습니다. 기본적으로 미국 빅테크 기업들은 성장성에서 우위에 있어요. 소위 매그니피센트 세븐(애플 마이크로소프트 구글 아마존 엔비디아 테슬라 메타 플랫폼스)이라고 불리는 기업들은 연 10% 이상의 매출 성장률을 보여주고 있는데 다른 기업들은 연 3~4% 정도죠.중요한 건 빅테크 기업들은 주주환원도 잘 한다는 겁니다. 장기 투자가 가능하다는 의미에요. 그리고 이 기업들이 하고 있는 사업들을 생각해보면 AI(인공지능) 클라우드 같은 신기술인데 이런 기술적인 기조가 단기에 그치진 않을 거라는 거죠. 트레이딩이라는 관점에서 보면 사기 어렵겠지만 장기 투자라는 관점에서는 변동성을 보일 때 살 수 있다고 봅니다.
43,"테슬라, 美서 모델3·모델Y 가격 최대 300만원 인하",2023.10.07,연합뉴스,지난 3분기 차량 인도량 시장 전망치 하회 후 내려테슬라 충전소[AP 연합뉴스](샌프란시스코=연합뉴스) 김태종 특파원 = 전기차 업체 테슬라가 미국에서 모델3와 모델Y 등 일부 모델의 가격을 최대 300만원 내렸다.    6일(현지시간) 테슬라 웹사이트에 따르면 모델3 기본 모델의 시작가는 4만240달러에서 3만8천990달러로 1천250달러(168만원) 내려갔다.    롱레인지 모델3와 모델3 퍼포먼스는 4만7천240달러와 5만3천240달러에서 각각 1천250달러 2천250달러(303만원) 인하됐다.    테슬라는 또 SUV인 모델Y 가격을 5만4천490달러에서 5만2천490달러로 2천달러(272만원) 내렸다.    모델3와 모델Y는 테슬라 차량 중 가장 대중적인 모델로 이번 가격 하락 비율은 기존 차값의 2.7∼4.2%에 해당한다.    테슬라는 가격 인하 이유는 밝히지 않았다.     다만 테슬라는 지난해 말부터 소비지출 둔화 우려와 전기차 경쟁이 치열해지면서 전 세계 시장에서 자동차 가격을 인하하기 시작했다.    특히 가장 큰 시장인 미국과 중국에서는 가격을 내렸다가 다시 올리는 등 여러 차례 가격 조정을 해왔다.    이번 가격 인하는 지난 3분기 테슬라 인도량이 시장 예상치에 미치지 못했다는 발표 이후 나왔다.     테슬라는 지난 2일 공개한 보고서에서 7∼9월 3개월간 모두 43만5천59대를 인도했다고 밝혔다.    이는 지난 2분기의 차량 인도량 46만6천140대 대비 7% 감소한 규모로 팩트셋이 집계한 시장 전망치(46만1천대)도 하회했다.    테슬라는 올해 전체 자동차 판매량 목표치를 180만대로 잡고 있다. 이날 뉴욕 증시에서 테슬라 주가는 전날보다 약 1% 하락했다.     
44,[천자칼럼] 위고비 '나비효과',2023.10.07,한국경제,2000년대 초중반 ‘전자제품 메카’였던 서울 용산 전자상가에서 가장 인기 있는 품목은 디지털카메라와 MP3 플레이어였다. 만만찮은 가격임에도 중장년층은 물론 청소년까지 용돈을 모아 구매 대열에 합류했다.하지만 2007년 이후로 이들 제품은 매대에서 밀려났다. 아이폰을 시작으로 스마트폰이 대거 등장하면서다. 스마트폰의 ‘학살’은 거기서 그치지 않았다. 피처폰과 내비게이션 기기 전자사전이 멸종하다시피 했고 온라인 메신저와 게임기도 자취를 감췄다. 심지어 용산 전자상가를 비롯한 오프라인 매장의 업황마저 기울기 시작했다. 단일 제품이 이처럼 특정 영역의 제품을 대체하는 수준을 넘어 여러 품목의 제품군을 동시에 밀어내는 현상은 산업계에서 이따금 나타난다.이달 들어 뉴욕증시에서 식음료·유통 관련 종목들이 동반 급락하고 있다. 코카콜라와 펩시코가 52주 신저가 수준으로 밀려났고 제과·식품·주류 업종 대표주도 약세를 면치 못하고 있다. 월마트 등 유통 업체와 건강관리 업체까지 하락세를 보였다. 유통·식음료 분야 전체를 위협하는 ‘생태계 교란종’이 출현했다는 공포가 투자자들을 덮친 것이다. 위고비 오젬픽 등 식욕억제제가 그 장본인이다. 덴마크 제약사 노보노디스크가 개발한 위고비는 월간 투여 비용이 200만원에 육박하지만 일론 머스크 테슬라 최고경영자(CEO) 모델 킴 카다시안 등의 다이어트 비결로 입소문이 나면서 세계적 인기를 끌고 있다.존 퍼너 월마트 미국부문 CEO는 블룸버그통신에서 “식욕억제제를 복용한 사람들이 식료품 쇼핑을 줄이고 있다”며 위협 요인으로 등장했음을 인정했다. 모건스탠리도 앞서 지난 8월 보고서를 통해 “복용자들의 칼로리 섭취량이 최고 30% 줄고 외식 횟수는 42% 감소했다”고 분석했다. 조사 대상의 25%는 술을 20%는 청량음료를 끊었다고 한다.스마트폰 출현 당시 수많은 정보기술(IT) 기기 회사가 고전했지만 닌텐도처럼 발 빠르게 대응해 위기를 기회로 바꾼 사례도 적지 않다. 위고비와 오젬픽은 이르면 내년 국내에 상륙한다. 국내 식음료·유통 기업들은 이 교란종의 출현에 어떻게 대응할지 주목된다.
